7077410	सदर अस्पताल परिसर के विभिन्न स्थानों पर कूड़ा कचरा का अंबार लगा हुआ है अस्पताल परिसर स्थित है सिविल सर्जन कार्यालय की कुछ ही दूरी पर एएनएम ट्रेनिंग स्कूल के समीप आंकड़ों का ढेर लगा हुआ है ए वी स्कूल की छात्राओं का आवागमन इसी मार्ग से होता है वहीं जिले के विभिन्न प्रखंडों से प्रतिदिन सैकड़ों की संख्या में विभिन्न रोगों का इलाज कराने के लिए सदर अस्पताल में मरीज आते हैं लेकिन कचरे के ढेर से उठ रही दुर्गंध से आम लोगों के साथ-साथ स्वास्थ्य कर्मचारी और छात्राएं भी परेशान है लेकिन इसकी सुध लेने वाला कोई भी नहीं है आप बता दें कि सदर अस्पताल के विभिन्न घाटों की साफ-सफाई पर कचरा जमा किया जाता है सदर अस्पताल परिसर के || 	HI_X_256_5	HI_X_256_19	
7077463	लेकिन पुलिस पदाधिकारी सुधार किया गया है स्पीकर अध्यक्ष अध्यक्ष रवि कुमार गुप्ता को प्रभारी बनाया गया है पादु के सर्किल इंस्पेक्टर धनंजय कुमार मीनापुर ब्राउन पुरा सर्कल इंस्पेक्टर सुभाष यादव एसएसटी के विशेष कार्य अधिकारी बनाए गए हैं कोर्ट हाजत प्रभारी दिगंबर कुमार पार उत्सर्जन स्पेक्ट्रम बनाए गए हैं सुधर के सब इंस्पेक्टर शिवनारायण राम सब इंस्पेक्टर बनाए गए हैं अभियोजन कुशा कोषांग के प्रभारी जितेंद्र पाल कटरा सर्कल इंस्पेक्टर बनाए गए हैं रणधीर कुमार सिंह मोहन को शांत के प्रभारी बनाए गए हैं यह जानकारी ||  बनाए गए हैं || 	HI_X_256_177	HI_X_256_162	
7077342	आईएसओ प्रमाणित मॉडल सदर अस्पताल में एक और उपलब्धि जुड़ गई है अब कैंसर रोगी को जांच में कीमत रिपीट व कीमोथेरेपी के लिए पटना को जाने की जरूरत नहीं है सदर अस्पताल में ही कैंसर स्क्रीनिंग कैंसर रिलेटिव थेरेपी के मुताबिक की सुविधा मिलेगी इसका सबसे अधिक फायदा महिलाओं को मिलेगा महिलाओं में स्तन और गर्भाशय कैंसर की शिकायत होती है कैंसर रोगियों का पंजीकरण प्रमाण पत्र एवं पहले बैटिंग केयर आदि की सुविधा नियमित रूप से दी जाएगी सदर अस्पताल में कैंसर रोगियों को भर्ती की व्यवस्था भी की गई है डॉ शशि रंजन प्रसाद को जिला कैंसर नोडल अधिकारी के पद पर लगाया गया है जो हाल ही में देश के मशहूर कैंसर इंस्टीट्यूट से प्रशिक्षण लेकर आए हैं सदर अस्पताल के ओपीडी के कमरा नंबर 10 में कैंसर की जांच शुरू की जा रही है या मरीजों के लिए परामर्श एवं की सुविधा मिलेगी || 	HI_X_256_246	HI_X_256_175	
7077341	बीएनएमयू में विश्वविद्यालय हिंदी विभाग के अंतर्गत सक्रिय पत्रकारिता एवं जनसंचार में डिप्लोमा कोर्स की शुरुआत होगी इसलिए 16 जून से ऑनलाइन आवेदन आमंत्रित किए जाएंगे इस आशय का निर्णय शनिवार शनिवार को प्रति कुलपति डॉक्टर फारूक अली की अध्यक्षता में संपन्न हुई बैठक में लिया गया बैठक में निर्णय लिया गया कि प्रक्रिया शुरू होगा नामांकन की प्रक्रिया शुरू करने हेतु उप कुलसचिव व कार्मिक को जिम्मेदारी दी गई है अध्यक्ष सीताराम शर्मा ने बताया कि नियमावली एवं प्रारूप तैयार करता कार्रवाई हेतु विद्यालय में बात चल रही है बीएनएमयू में विश्वविद्यालय के अंतर्गत से पत्रकारिता में डिप्लोमा कोर्स की शुरुआत होगी इसलिए 16 जून से ऑनलाइन आवेदन आमंत्रित किए जाएंगे इस आशय का निर्णय शनिवार इस आशय का निर्णय शनिवार को प्रति कुलपति डॉक्टर फारूक अली की अध्यक्षता में संपन्न हुई बैठक में लिया गया बैठक में || नदिया के पार जुलाई से नामांकन की प्रक्रिया शुरू हो गया 15 जुलाई से शुरू होगा नामांकन की प्रक्रिया शुरू करने हेतु उप कुलसचिव दी गई है समय सीताराम शर्मा ने बताया कि पाठक की नियमावली एवं प्रारूप को तैयार करें अभिनेता कार्रवाई हेतु विद्यालय में बात चल रही है || 	HI_X_256_84	HI_X_256_120	
7077349	झारखंड के सीएम रघुवर दास ने दुमका में 14वें वित्त आयोग के तहत ग्रामीण एलइडी स्ट्रीट लाइट योजना की शुरुआत की है उनका के शिकारीपाड़ा प्रखंड के ढाका गांव में योजना की शुरुआत की गई है इसके साथ ही परिसंपत्ति का भी सीएम ने वितरण करने के साथ साथ हैं लोगों से सीधा संवाद किया इस दौरान मुख्यमंत्री रघुवर दास ने कहा कि 5 साल हो गए हैं लेकिन क्या कोई बता पाएगा कि किसी गरीब का जमीन छीना गया हो लेकिन चुनाव के समय विकास विरोधी शक्तियां हमारी जनता को दुष्प्रचार करें विकास से कोसों दूर रखने का काम है करती आई हैं उनको भी सरकार ने चिन्हित कर लिया है और आने वाले दिनों में उन पर भी कार्रवाई की जाएगी वहीं दूसरी और दुमका की जनता में भी सीएम द्वारा की गई इस योजना के बाद है खुशी देखने को मिल रही है इस दौरान मुख्यमंत्री रघुवर दास ने कहा कि 5 साल हो गए हैं लेकिन क्या कोई बता पाएगा कि किसी गरीब का जखीरा गया हो लेकिन चुनाव के समय विकास विरोधी शक्तियां हमारी जनता को दुष्प्रचार करें विकास से कोसों दूर रखने का काम है करती आई हैं उनको भी सरकार ने चिन्हित कर लिया है और आने वाले दिनों में उन पर भी कार्रवाई की || वहीं दूसरी और दुमका की जनता में भी सीएम द्वारा की गई इस योजना के बाद है खुशी देखने को मिल रही है || 	HI_X_256_15	HI_X_256_247	
7077367	सोनपुर थाना क्षेत्र के सोनपुर जंक्शन पहले सुबह स्टेशन के दक्षिण भाग में पूरा डिटेल टंकी के समय पर भीषण आग लग गई जिससे बड़ी घटना होते-होते रह गई घटना के संबंध में बताया गया कि कोई रेलवे मजदूर जब टंकी के समीप से गुजर रहा था तभी उसे कुछ जलने की गंध आई जिसके बाद रेलवे मजदूर ने आगे बढ़कर देखा तो टंकी के सभी पर आग लगी हुई थी के कारणों का फिलहाल पता नहीं चल पाया है मजदूर ने रेल प्रशासन को आग लगने की सूचना दी जिसके बाद रेल प्रशासन हरकत में आए तब जाकर फायर ब्रिगेड को सूचना दी गई जिसके बाद मौके पर पहुंची फायर ब्रिगेड की टीम ने आग पर काफी मशक्कत के बाद काबू पाया और कोई भी नुकसान इस बीच से नहीं हो पाया जिससे बड़ी खतना होते होते रह गई घटना के संबंध में बताया गया कि कोई रेलवे मजदूर जब टंकी के समीप से गुजर रहा था तभी उसे कुछ जलने की गंध के बाद रेलवे मजदूर नहीं आगे बढ़ कर देखा तो टंकी के सभी पर आग लगी हुई थी आग के कारणों का फिलहाल पता नहीं चल पाया है मजदूर ने रेल प्रशासन को आग लगने की सूचना दी जिसके बाद रेल प्रशासन हरकत || तब जाकर फायर ब्रिगेड को सूचना दी गई जिसके बाद मौके पर पहुंची फायर ब्रिगेड की टीम ने आग पर काफी मशक्कत के बाद काबू पाया और कोई भी नुकसान इस बीच से नहीं हो पाया || 	HI_X_256_46	HI_X_256_113	
7077361	शर्मा आंखों की प्यास बुझाने के लिए जान नगर निगम ने प्रत्येक वार्ड में सार्वजनिक पाए का निर्माण करवाया है वह कुछ ऐसे भी लोग हैं जो समरसेबल का उपयोग पानी पीने के बदले निजी वाहन की धुलाई में लगा रहे हैं उनके पति नगर निगम प्रशासन मौन बना हुआ है आपको बता दें कि पिछले 1 सप्ताह से पारा 40 के बारे में और पानी का जलस्तर लगातार नीचे की ओर जा रहा है ऐसे में जिले के कई चापाकल सूख चुके हैं लोग पानी की तलाश में इधर-उधर कर रहे हैं लेकिन कुछ नामचीन लोग लग्जरी वाहन खरीदते हैं लाखों की लेकिन उस वाहन की धुलाई का खर्च नहीं उठा पाते इस कारण ने सहारा लेना पड़ता है || 	HI_X_256_51	HI_X_256_19	
7078073	वर्ल्ड कप में जबरदस्त डांस चल रही है इंग्लैंड वेस्टइंडीज ऑस्ट्रेलिया और न्यूजीलैंड ने शानदार खेल दिखाया तो एशियाई टीमों की बुरी हार हुई है अभी तक अफगानिस्तान की टीम ऑस्ट्रेलिया के खिलाफ मैच में बड़ा ड्रामा हो गया 36 स्टोइनिस राशिद खान की पिटाई से धना बौखला गया कि अगर राशिद ने इस पर भी कमाल कर दिया तो आपको बाद में इसका पूरा वीडियो दिखाएंगे आप राशिद के लिए कमेंट करना ना भूलें तो का निशान की टीम का टॉप ऑर्डर कंगारू गेंदबाजों के आगे ढेर हो गया था कि निचले क्रम के खिलाड़ियों ने ठीक-ठाक खेल दिखाया और 36 में वह तो बड़ा हंगामा हो गया जब राशिद खान ने स्टोइनिस की बोलती बंद कर दी तो 36 में बॉलिंग के लिए और सामने तेरा स्थान नहीं बना पाए इसके बाद राशिद ने कमाल कर दिया दूसरे डिलीवरी पर खान की तरफ बड़ा छक्का मार दिया लेकिन अभी तो हंगामा होना बाकी था इसके बाद || चौका मारा तो पांचवी बॉल पर ऑफ साइड में चौका मार दिया राशिद खान की बल्लेबाजी से परेशान हो गए और राशिद के सिर को निशाना बनाकर बॉल फेंकी और अगर कॉल पर बैठ नहीं लगता तो बोल सीधे राशिद खान के सब अलग थी मगर आशिक खान ने शानदार अंदाज है बोल को पिक किया और इस पर हुक शॉट लगा दिया और बॉल को पायलट बाउंड्री से बाहर छन के लिए भेज दिया पूरे और वॉलीबॉल पर तो कमाल हो गया जब राशिद खान ने चाइनीस को उसी अंदाज में जवाब दे दिया अब हर कोई राशिद खान की तारीफ कर रहा था तो आपको || 	HI_X_256_202	HI_X_256_147	
7077998	इतने सारे सितारे एक साथ एक ही जगह सबके साथ रेड कारपेट पर मौका है जी क्यों हंड्रेड बेस्ट बेस्ट अवार्ड फंक्शन में एक के बाद एक कई सितारे आए और सबने अलग-अलग स्टाइल दिखाएं और पीछे छोड़े भी नहीं रहे नील नितिन मुकेश करण जोहार और कुणाल खेमू ने भी कंधे से कंधा मिलाकर सजनी सजनी के इस कंपटीशन में अपना स्वर्ग दिखाया यीशु में पूजा हेगडे सान्या मल्होत्रा सयानी गुप्ता और राकुलप्रीत जैसी नई अभिनेत्रियों के साथ कैटरीना कैफ श्रुति हासन सोनम कपूर और तमन्ना भाटिया जैसी कई नामी हीरोइनों ने शिरकत सब एक से बढ़कर एक लग रही इन्हें देख कर ऐसा लग रहा है जैसे हुस्न की परियां आज रेट || कार्पेट पर आ गई हूं लाल रंग इस बार कैटरीना कैफ तमन्ना भाटिया और राकुलप्रीत का फेवरेट तो डर बना तो पूजा हेगड़े श्रुति हासन और कई एक्ट्रेस काले रंग की ड्रेस में कह जाती दिखी गाने लाल रंग की ड्रेस में कैटरीना ने खूब तस्वीरें खिंचवाई और इसके बाद उन्होंने आने वाली फिल्में भारत को लेकर मीडिया से बातचीत ही की || सजे धजे इन लोगों ने पूरी शाम खूब धमाल मचाया फोटोग्राफर स्नेह भी जी भरकर फोटो खींची जश्न आधी रात तक चलता रहा || 	HI_X_256_183	HI_X_256_88	
7079029	पनकी में हुई जहरीली शराब से लोगों की मौत के बाद यूपी पुलिस को बड़ी कामयाबी हाथ लगी है पुलिस ने लखनऊ के फरीदनगर से 50 लाख की अवैध शराब बरामद की है गुप्त सूचना पर छापेमारी करने पहुंची टीम ने मौके से भारी मात्रा में शराब की अवैध शराब की खेप को इंदिरा नगर थाने के फरीदनगर से बरामद किया गया है आपको बता दें कि बाराबंकी घटना के बाद पुलिस की बड़ी कामयाबी मानी जा रही है अभी हाल ही में जहरीली शराब से कई जिंदगियां खत्म हो गई थी उसके बाद से ही लगातार छापेमारी हो रही है और अब लखनऊ में 5000000 की यह अवैध शराब बरामद की गई है || फरीदनगर से अवैध शराब का जखीरा पकड़ा गया है बाराबंकी घटना के बाद पुलिस की सबसे बड़ी कार्यवाही मानी जा रही है लखनऊ से तस्वीरें अवैध शराब यूपी पुलिस का ध्यान अब काफी तेज हो चुका है || 	HI_X_256_13	HI_X_256_84	
7079108	लेखकों में आगे बढ़ते हैं अमेरिकी वीजा के लिए आवेदन देने वाले किसी भी व्यक्ति से उसके सोशल मीडिया की 5 साल की जानकारी भी नहीं जाएगी और यह आदेश अधिकारी कुशवाहा के लिए आवेदन करने वाले लोगों से उनके सोशल मीडिया अकाउंट का युद्ध ने लिया जाएगा इसे अमलीजामा नहीं पहनाया गया था अब इसे अमलीजामा पहनाया जा चुका है और यह एक आधिकारिक नियम है हालांकि आवेदकों को सिर्फ अपना यूजर में नहीं बताना होगा ना कि उसका पासवर्ड देना होगा तो सोशल मीडिया प्लेटफॉर्म से जिनके बारे में जानकारी देनी होगी आवेदक को अपना सोशल मीडिया अकाउंट बताना होगा उधर को बताना होगा अपना सोशल मी || यूजर नेम पासवर्ड नहीं बताना होगा || 	HI_X_256_69	HI_X_256_84	
7078131	राजस्थान के 12 शहर के चार मूर्ति चौराहा इलाके में एक महिला का अपने रिश्तेदार से मदद लेना उस वक्त महंगा पड़ गया जब उसे मालूम चला कि उसके ₹40000 लेकर युवक फरार हो गया है घटा के बाद महिला ने चीखना चिल्लाना शुरू किया जिस पर लोगों की भीड़ इकट्ठा हो गई दरअसल निशानियां गांव की रहने वाली वृद्ध महिला की बेटे की शादी होने वाली थी ऐसे में महिला अंतर कस्बे में सर्राफा व्यापारी के यहां से ₹40000 लेकर 12 ही थी इस दौरान उसका रिश्तेदार एटीएम से पैसे निकलवाने की बात कहकर महिला के बैग से ₹40000 लूट कर फरार हो गया महिला को जब इस बात का पता चला तो उसमें सड़क पर शोर मचाना शुरू कर दिया || जमाने की सारी लाल राहगीरों ने पीड़ित महिला को पुलिस थाने पहुंचाया जहां उसने आरोपी के खिलाफ रिपोर्ट दर्ज कराई है पुलिस ने आरोपी को जल्द से जल्द गिरफ्तार करने का आश्वासन दिया है इस खबर में लाल ताई || 	HI_X_256_205	HI_X_256_19	
7077499	मुजफ्फरपुर जिला के बरूराज थाना क्षेत्र के फुलवरिया चौक स्थित एक मार्केट में शाम के टाइम इफ्तार पार्टी का आयोजन किया गया जिसमें पूर्व प्रमुख है मोहम्मद फिरोज समेत कई दिग्गज नेता शामिल हुए राजद प्रवक्ता मोहम्मद निजाम की देखरेख में कार्यक्रम को संपन्न कराया गया इस दौरान भारी संख्या में रोजेदारों ने अपनी उपस्थिति दर्ज कराई रोजेदारों ने तार करते हुए सामाजिक सौहार्द्र को मजबूत बनाए रखने और आपसी भाईचारा कायम रखने का संदेश दिया पूर्व प्रमुख मोहम्मद फिरोज ने कहा कि यह कोई धर्म नहीं है हिंदू मुस्लिम भाई-भाई हैं इस दौरान उर्फ बबलू भाई जावेद जावेद अरमान नसरुद्दीन समेत सैकड़ों से अधिक लोग शामिल हुए कार्यक्रम को संपन्न कराया गया इस दौरान भारी संख्या में रोजेदारों ने अपनी उपस्थिति दर्ज कराई रोजेदारों निस्तार करते हुए सामाजिक सौहार्द्र को मजबूत बनाए रखने और आपसी भाईचारा को कायम रखने का संदेश दिया पूर्व प्रमुख मोहम्मद फिरोज ने कहा कि यह कोई जाति धर्म नहीं है अब सभी एक हैं || हिंदू मुस्लिम सभी भाई भाई हैं इस दौरान ए वकार रजा उर्फ बबलू भाई जावेद डॉक्टर हुए अरमान नसरुद्दीन समेत सैकड़ों से अधिक लोग शामिल हुए || 	HI_X_256_87	HI_X_256_204	
7077592	पत्रकारों को संबोधित करते हुए बिंदु कुशवाहा ने बीजेपी पर जमकर भड़ास निकाली और कहा कि बीजेपी ने जिस प्रकार की साजिश की है उस हिसाब से भारत की भोली-भाली जनता उनके बहकावे में आ गई जिस वजह से उनकी जीत हो गई इसके साथ ही उन्होंने भी अपनी नाराजगी को जाहिर करते हुए कहा कि मीडिया के लोगों ने विशेष बीजेपी का प्रचार प्रसार करने का काम किया और जिन मुद्दों को उठाना चाहिए था ऐसा नहीं किया गया उन्होंने उस मुद्दे को नहीं उठाया उन्होंने कहा कि चुनाव के बाद हम हतप्रभ जरूर है लेकिन हतोत्साहित बिल्कुल भी नहीं उन्होंने कहा कि आने वाली लड़ाई को जीतने में चुनाव का अनुभव है और इस दृष्टि से देखें तो लोकसभा चुनाव में हमने बहुत कुछ || 	HI_X_256_69	HI_X_256_204	
7077791	बदायूं में भीषण गर्मी का पारा 39 के पार पहुंचा यहां गर्मी में लोगों का बुरा हाल है लोग घरों में दुबके हुए हैं और जो निकल भी रहे हैं वह लू के थपेड़ों से बचने के लिए मुंह पर अंगोछा इत्यादि डालकर निकल रहे हैं वहीं मेहनत मजदूरी करने वाले लोग अपने पेट की खातिर लोग इस भीषण गर्मी में भी काम कर रहे हैं चाहे वह मिठाई बनाने वाला कारीगर या फिर लोहे की दुकान पर काम करने वाला लोहार हो इन लोगों पर इस प्रचंड गर्मी में बेअसर है वहीं जब इन लोगों से बात की तो इन लोगों ने इसे अपनी आदत बताई है जहां धनवान लोग एसी कूलर का सहारा ले रहे हैं वहां यह लोग अपनी दिनचर्या के अनुसार कार्य कर रहे हैं ||  बुरा हाल है || 	HI_X_256_161	HI_X_256_174	
7078055	रायसिंहनगर समिति के अध्यक्ष पद का चुनाव सर्वसम्मति से संपन्न हो गया सर्वे में रखी बैठक में वित्तीय लेखा-जोखा पेश किया गया वहीं बैठक के पूर्व अध्यक्ष राज्यपाल गुंजल के निधन पर 2 मिनट का मौन रखकर श्रद्धांजलि भी दी गई बैठक में सर्वसम्मति से सुरेंद्र को आगामी 2 वर्ष के लिए अध्यक्ष निर्वाचित किया गया बैठक के दौरान समाज के नागरिकों द्वारा समाज की प्रतिभाओं को प्रतिवर्ष सम्मानित करने के साथ ही धर्मशाला के लोगों को कम खर्च में धर्मशाला उपलब्ध कराने की मांग रखी गई कार्य करने पर विस्तार से इन मुद्दों पर विचार करने का निर्णय लिया गया जाने के बाद फूल मालाओं से नवनियुक्त अध्यक्ष का स्वागत किया गया तथा बाकी मुख्य मार्गो से निकाला गया || और फूल मालाओं से लाद दिया गया उनको || 	HI_X_256_206	HI_X_256_191	
7077903	सीकर जिले के फतेहपुर और रामगढ़ इलाके के पानी में फ्लोराइड होने से किसानों का पक्षी करना काफी मुश्किल हो रहा है वहीं यहां एक रिश्ता ऐसा भी है जो विपरीत परिस्थितियों में भी उन्नत खेती कर रहा है जी हां यह किसान है सीकर जिले के बाद गांव के विद्याधर बढ़िया जो रेतीले क्षेत्र में हाईटेक खेती को बढ़ावा दे रहे हैं विद्याधर बताती हैं कि करीब 30 साल पहले उन्होंने अपने गांव में सब्जी और फल उगाने की बात की तो लोग उन पर खाते थे और कहते थे कि यहां का उत्पादन हो ही नहीं सकता लेकिन उन्होंने हार नहीं मानी और अपने खेत में ऑर्गेनिक खेती करना शुरू कर दिया घर पर ही गोबर को बुलाकर ऑर्गेनिक खाद बनाई और थोड़ी थोड़ी सब्जी का उत्पादन शुरू किया जब अच्छा उत्पादन में नहीं लगा तो उन्होंने अपनी पूरे खेत को ही ऑर्गेनिक गार्डन बना दिया आज उनके खेत में सभी तरह की सब्जियों और फलों का उत्पाद || रहा है उनके खेत में उगाई गई सब्जी की डिमांड इतनी है कि सुबह-सुबह ही पूरी सब्जी लोग ले जाते हैं विद्याधर बढ़िया नहीं 20 साल पहले एमकॉम पास किया था उस वक्त उन्हें होमगार्ड की नौकरी मिली थी लेकिन उसी परिवार का खर्च नहीं चलता था इसलिए उन्होंने हाईटेक खेती की तरफ ध्यान दिया खेती की लाखों रुपए की आमदनी की वजह है कि उन्होंने अपने दोनों बेटों को अच्छी शिक्षा दें और आज उनका एक बेटा आयकर विभाग में अधिकारी है तो दूसरा सरकारी शिक्षक है इसके बाद भी व्यापक काम जारी रख रहे हैं और आज भी खेती कर रहे हैं पर लो मेरे पिताजी कहां से मिली एमकॉम चमरिया कॉलेज फतेहपुर पास किया लेकिन गवर्नमेंट से नौकरी लिखी नहीं हुई तो मैं नहीं आऊंगा आज की नौकरी ज्वाइन की होमगार्ड मेरे को चीन में नौकरी मिलती 9 महीने देगा बेरोजगार रहता तुम मेरे गुरु जी ने मेरे को इसका के बच्चे कोई भी काम हो लग्न से कर || खेती करना हो सके बाकी किनारा कंपनी रोजगार खेती खेती के में निपुण लगन से काम किया था आज में पुरुष शिक्षकों और आजीवन रोजगार मिल गया मेरे को बहुत काम किस तरह से खेती करते हो दवाई दवाई को बिल्कुल क्यों नहीं करता हूं फतेहपुर से गोबर लाता हूं कि औरों जैसे ऑर्गेनिक खेती करता हूं यूरिया डीएपी कुछ नहीं चैट गोबर की खाद गांव है उसमें और फतेहपुर से खिलाता हूं खुद का ट्रैक्टर है ट्रैक्टर से मुक्त स्टोरी लगभग फतेहपुर से गोबर की लताओं खरीदकर गोबर से पूर्व खेती करता हूं और फतेहपुर में मेरी सब्जी बहुत पसीना मामा देना मेरे को मामा क्या था और मामा जी सब्जी सबसे फास्ट लिख कर और करनी देसी खेत की मूली गाजर || मौसम मेरे दैनिक देखी और तरबूज दो || 	HI_X_256_24	HI_X_256_96	
7079073	छलिया बात करेंगे नौकरी के नटवरलाल के बारे में लेकर अपनी खास पेशकश में आगे बढ़ उससे पहले इस वक्त एक बड़ी खबर आपको बता दें कि सुप्रीम कोर्ट के पूर्व चीफ जस्टिस आरएम लोढ़ा के साथ ठगी का अंदाजा लगाइए कि एक जज के साथी धोखाधड़ी का मामला सामने आया है सुप्रीम कोर्ट के सेवानिवृत्त जज बी पी सिंह की ईमेल आईडी डाल सांसों ने उनसे ₹100000 को जल्दी साइबर सेल को सौंप दिया जाएगा जिस वक्त की बड़ी खबर आप देख मैं यकीन नहीं हो रहा कि जज के साथ ऐसा हुआ है आप देखना है कि जो लोग धोखाधड़ी करते हैं तरीके से शादी करते हैं उनके हौसले कितने ज्यादा बुलंद हैं || 	HI_X_256_69	HI_X_256_84	
7079020	यदि मांग रहे लोग बड़वानी के राजपुर विकासखंड के छोटी गांव की है जल संकट से जूझ रहे ग्रामीणों की मानें तो पिछले कई सालों से ग्राम में पानी की समस्या बनी हुई है बार-बार आवेदन निवेदन के बाद भी समस्या जस की तस बनी हुई है जल समस्या है और भयंकर रूप से जन समस्याएं यहां पर करीबन डेढ़ से 2 महीने से लोग बूंद-बूंद पानी के लिए तरस रहे हैं जो 2 किलोमीटर तक लोगों को जाना पड़ा किलोमीटर 2 किलोमीटर कोई कोटेशन आ रहा है कोई सर पर ला रहा है महिलाओं को नंगे पांव दो 2 किलो तक जा कर लाना पड़ता है || ग्राम पंचायत ग्रामीण जनों का नया मॉडल कितने लोगों के आक्रोश को देखते हुए एसडीएम ने तुरंत कार्रवाई की बात की लेकिन जिस तरह से कार्रवाई की मांग की है उससे कुछ पल के लिए ग्रामीणों को राहत मिलेगी इस खबर में फिलहाल || 	HI_X_256_40	HI_X_256_19	
7079148	आपको बता दें कि दरअसल ये जम्मू कश्मीर के ऊपर से खबर आ रही है सोफे में दो आतंकी ढेर किए गए हैं तो सेना ने एक आतंकी ढेर क्या है और सोफे में दो आतंकी ढेर हुए बड़े सुरक्षाबलों से मुठभेड़ हुई और इस मुठभेड़ में दो आतंकी मारे गए जम्मू कश्मीर का इलाका है यहां पर मुठभेड़ में दो आतंकी कार्रवाई अंजाम दी गई है तो इस एनकाउंटर गया है कि इलाके में आतंकी छिपे होने की जानकारी मिली थी सर को जिसके बाद सेना ने यहां पर सर्च ऑपरेशन शुरू कर दिया है और मुलाकात का कार्यक्रम में सैनिकों के वहां पहुंचकर मुलाकात करेंगे और उससे पहले यह बड़ी कार्रवाई || 	HI_X_256_174	HI_X_256_38	
7078697	ओम जय श्री राम आप सभी मित्रों का मेरे चैनल ज्योतिष समाधान में हार्दिक स्वागत है तो जानेंगे कि 4 जून 2019 मंगलवार का दिन कन्या राशि वालों को कैसे बताया कि भैया पैसे से संबंधित कोई समस्या है तो उसका निदान होने वाला है पशु संबंधित कुछ अच्छी खबर आने वाली है पैसे को लेकर के किसी न किसी प्रकार का फायदा होने वाला है आज के राशिफल में जाने के लिए कौन कौन से काम करने में फायदा रहेगा कौन-कौन से शानदार खबरें मिलेगी इसका हमने वीडियो बना दिया है आपको हो सकता है नोटिफिकेशन नहीं मिला हो या आपके पास आपकी यूट्यूब वॉलीबॉल पहुंचा वहां पर क्लिक करके वीडियो देखकर के लाभ ले लेंगे तो आपके लिए फायदेमंद रहेगा ऐसा मेरा मानना है कि भाग्यस्थान अपने घर 222 घर होते हैं कि तुला राशियों की वृषभ राशि तो कन्या राशि वालों के लिए वृषभ राशि भाग्य स्थान पर आती है तो वहां करके बैठ जाएंगे और सच्ची बात यह है कि वहां पर सूर्य भगवान जो कि भाग्य स्थान || भाग्य स्थान पर अच्छा परिणाम करते हैं और भाग्य को चमका आते हैं भाग्य को धमकाते हैं ऐसा उनके साथ में शुक्र जो कि उसी घर का मालिक आ कर के बैठ जाएगा तो भागे के लिए कुछ न किसी प्रकार की अच्छी खबर है निश्चित ही अच्छी खबर है मोटी यात्रा करा सकते हैं व्यापार और नौकरी को लेकर के करा सकते हैं नौकरी में आप को पदोन्नति पद वृद्धि दिला सकते हैं नौकरी को अच्छी खबर बना सकते हैं नौकरी में आपका मान-सम्मान बड़े कुछ ऐसी चीजें करवा सकते हैं तो सहयोग मिलेगा आपको पूरा आश्रम ले कुछ ऐसे योग बना रहे हैं साथ साथ में पिता का आपको सहयोग मिले पिता के सहयोग की वजह से आपके काम चले जोर वैदिक तो रुके हुए काम है वह चले कोई दिक्कत है वह खत्म हो और आपका समय अच्छा निकले कुछ ऐसे युग में शुक्र जो कि आप कल धन स्थान के स्वामी है तो भाग्य की कारण धन की प्राप्ति हो जो आप काम कर रहे जो रोजगार कर रहे हैं जो नौकरी करें उसके द्वारा भी आपको अच्छे धन की प्राप्ति हो ऐसे योग बना रहे साथ में परिवार के लिए अच्छी खबर है आपके बोलने मैं एकदम मधुरता है और आपके परिवार में आप सब लोग बैठ करके मिल करके बैठ कर खाना पीना खाया अच्छे से बातचीत करें अच्छे से आपके परिवार में सौहार्दपूर्ण मीठा और एकदम बढ़िया माहौल बना || कुछ ऐसा योग बना रहे इसका लाभ लें क्योंकि ठीक नहीं है परिवार में खुशियां तो खुशियों को सबसे बड़ा मानता हूं तो इस बीच में अगर आप करेंगे तो आपके लिए बहुत अच्छा रहेगा कि आपके व्यापार को लेकर की भी अच्छी खबर है क्योंकि देव गुरु बृहस्पति की दृष्टि पड़ रही है जानकी स्थान पर भी देव गुरु बृहस्पति की दृष्टि से सूर्य और बुध सूर्य व शुक्र सूर्य और शुक्र की दृष्टि सोने पर सुहागा जैसे कर रही है साथ में आपकी इनकम सैलरी में वृद्धि हो आपकी नौकरी के स्थान पर भी देखिए अभी राहु और मंगल का अंगारक योग बना हुआ है और साथ में भी वहीं पर मिलना तय है क्योंकि तीन तीन ग्रह बैठे हुए हैं घर का मालिक भी उधर घर का घर में बैठा हुआ है और कन्या राशि का स्वामी बुध होते हैं राशि का स्वामी कर्म स्थान में जाकर बैठे तो कर में उन्नति करवाता है आदमी ऐसा बनता है कि राशि के स्वामी कर्म स्थान में बन जा कर बैठे धीरूभाई अंबानी के अंडर में काम न करें आपके अंडर में बहुत सारे लोग काम करें आप मतलब छोटी कंपनी || बहुत अच्छा रहेगा कोई सपना हो तो आपको वह पूरा हो गया इस बीच में इनकम सैलरी भी अच्छी बनी रहेगी फाइनेंस को लेकर की पोजीशन सारी अच्छी बनी रहेगी दोस्तों के साथ में संबंध अच्छे बने रहेंगे बड़े भाई बहनों का भी पूरा पूरा सहयोग मिलेगा साथ में लेने का पूरा पूरा कोशिश कीजिएगा बस इतनी सी छोटी सी समस्या चल रही है घर के अंदर में थोड़ा सा || 	HI_X_256_90	HI_X_256_227	
7078722	का मे नाम आलोक है आप देख रहे हैं बिहार के सबसे बड़ी यूट्यूब न्यूज़ चैनल लेडीस को इस समय साथ भाजपा के सांसद रामकृपाल यादव जी है तो जिस तरीके से केंद्रीय मंत्रिमंडल में विस्तार हुआ उसमें नीतीश कुमार की पार्टी शामिल नहीं हुई कल बिहार में विस्तार हुआ उसमें भाजपा शामिल हुई विपक्ष इस पर चुटकुले रहा है सब ठीक-ठाक है और || जो भी पक्ष 4hana मंशा ठीक नहीं दिख रहा है उसका यात्रा मन में पाले हुए हैं कुछ होने वाला नहीं है इंटैक्ट एंड इतना महागठबंधन बना फिर भी कार्य स्वीकृत हो गई फिर भी कह रहे हैं कि 2020 में प्रचंड बहुमत आएगा 2020 में प्रचंड बहुमत आएगा मांग रहा है अभी तो बोला जनता को चाहिए ना आश्रम रखने के लिए जनता सौभाग्य का रिजल्ट अभी 2019 में आया है ना गठबंधन का उससे भी खराब स्थिति में आने वाला है एक भी सीट नहीं मिलने वाला ठुमका लगाओ बढ़ते जा रहा है आने वाले समय में || कहां नजदीकी बड़ा चल मांझी चलेगा नीतीश कुमार के साथ पार्टी में विस्तार पार्टी कोई पार्टी विशेष होता है तो दूसरे को बुलाता है भाई राजू तू समझ रही है इफ्तार पार्टी को सबके नहीं होता है सपनों को बुलाता है कोई भी चलाता है तो जा रहे हैं सवाल 40 सीटर आपको मिल चुकी है माननीय प्रधानमंत्री जी ने बिहार की जनता को जो वादा किया था इस प्रसिद्ध ताकत के माध्यम से वादा पूरा करने का काम किया है आगे भी जो बिहार की तरक्की उन्नति उसकी प्रगति कि जो कुछ बन सकेगा इसका हक भारत के सरकार एनडीए की सरकार देगी प्रधानमंत्री जी देखेंगे पुष्काराम के पास || विकास होगा जरूर और महागठबंधन को एक भी सीट नहीं मिलेगी 2020 में जो उम्मीद लगाए बैठे हैं उम्मीद में खो बैठे हैं आप || 	HI_X_256_104	HI_X_256_252	
7079170	भीलवाड़ा जिले के गुलाबपुरा थाना क्षेत्र के मराठी या गांव में नकद जानी के आरोपियों की तलाश करने आई तेलंगाना पुलिस पर ग्रामीणों ने जानलेवा हमला कर दिया हमले में तेलंगाना पुलिसकर्मी गंभीर रूप से घायल हो गया जिसे भीलवाड़ा के रामस्नेही चिकित्सालय में भर्ती करवाया गया है गुलाबपुरा पुलिस देर रात कार्य में बाधा सहित जानलेवा हमला हुआ मारपीट के मामले में मामला दर्ज कर आरोपियों की धरपकड़ शुरू कर दी है खुला पुरा थाने के सीआई सतेंद्र नेगी ने कहा कि गुलाबपुरा थाना क्षेत्र के पराठे गांव में बार गर्ल जिले की सूबेदार थाना पुलिस ने कब्जे के मामले में मुलजिम तलाशने भराडिया गांव पहुंची थी जहां गांव के बाहर बागरिया जाति बस्ती में कुछ लोगों ने मुलजिम तलाशने के दौरान पुलिस दल के साथ मारपीट कर दी जिसमें एक पुलिसकर्मी के सिर में गंभीर चोट लग गई और उससे गुलाबपुरा चिकित्सालय में इलाज के बाद भीलवाड़ा के रामस्नेही चिकित्सालय के आईसीयू वार्ड में भर्ती करवाया है वह ईसीआई सतेंद्र नेगी व गुलाबपुरा पुलिस उपाधीक्षक अजय सिंह ने मामले || संज्ञान लेते हुए गांव में दबिश दी और कुछ लोगों को हिरासत में लिया दिल से गुलाबपुरा थाना क्षेत्र की आगूचा पुलिस चौकी में पूछताछ की जा रही है यहां दिन में इतना मिली थी कि ब्रिटेन में इस पर मैं जानता हूं लोग पहुंचे थे यहां पहुंचने पर पता लगा कि सुभेदारी पुलिस थाना तेलंगाना पुलिस स्टाफ फिल्म मुलजिम की तलाश में आए थे इस पर कुछ गांव वालों ने उनके साथ मारपीट कर ली जिसमें एक गंभीर चोट आई है जिसे भीलवाड़ा रहता है इस संबंध में मुकदमा दर्ज किया जा रहा है उस में लेकर पूछताछ की जा रही है रेलगाड़ी की जा रही है || 	HI_X_256_253	HI_X_256_96	
7079712	बिहार की सियासत की दरअसल बिहार में मंत्रिमंडल के विस्तार में बीजेपी को शामिल नहीं करने पर नीतीश कुमार एक बार फिर से विरोधियों के निशाने पर आ गए हैं और अब की बार उपेंद्र कुशवाहा ने बीजेपी को आगाह करते हुए कहा है कि नीतीश जनादेश का अपमान करने के लिए जाने जाते हैं बीजेपी को धोखा नंबर दो के लिए तैयार रहना चाहिए उपेंद्र कुशवाहा की तरफ से बीजेपी को खबरदार किया गया है उन्होंने का क्योंकि गठबंधन और सहयोगियों को धोखा देना उनकी पुरानी आदत है इसलिए बीजेपी भी होशियार रहें खबरदार रहे उस दिन बहुत विचित्र लगा था जब एक नई शब्दावली भारतीय लोकतंत्र में सांकेतिक हिस्सेदारी करके 52 के पहले चुनाव से लेकर अब तक हमने यह सांकेतिक हिस्सेदारी नहीं सुनी थी फिर कभी नहीं होती है या नहीं होती || उधर तो प्रीति जी के गले बात नहीं उतरी और मैं समझ रहा हूं कि जिस प्रकार से उम्मीद कर रहे थे कि अटल आडवाणी जी वाली भाजपा होगी उनको झटका लगा कई झटके और लगेंगे तो उधर उन्होंने संकेत हिस्सेदारी की बात की आज नीतीश जी ने अपने विशेषाधिकार का प्रयोग करके संकेत दे दिया 30 साल के तक हिस्सेदारी बनाम नीतीश जी की ओर संकेत के रूप में देखा जाना चाहिए ||  लोकसभा चुनाव के नतीजे आने के बाद से ही लगातार बिहार में सियासी गहमागहमी || 	HI_X_256_143	HI_X_256_84	
7078827	हरियाणा में गर्मी का कहर जारी है 46 डिग्री के पार तापमान पहुंच चुका है हरियाणा सरकार ने एडवाइजरी जारी कर दी है और लू से बचने के लोगों को सलाह दी गई है दोपहर में घरों से बाहर निकले और गर्मी में ज्यादा से ज्यादा पानी का सेवन करें यह सलाह जो है लोगों को दी गई है हरियाणा सरकार ने एडवाइजरी जारी की है और चंडीगढ़ बात की जाए तो 46 डिग्री के पार तापमान पहुंच चुका है और हरियाणा में गर्मी का कहर लगातार जारी है और इस जानकारी नहीं चंडीगढ़ से पूजा वर्मा हमारी संवादाता व्हाट्सएप पर जुड़ी है पूजा चंडीगढ़ में 46 डिग्री के पार हो चुका है तापमान किस तरीके की दिक्कतें लोगों को आ रही है गर्मी की वजह से जो है का करवट बदल रहा है और जिस तरह का तापमान || खासा परेशानी हो रही है दोनों की तरफ से जारी की थी हालांकि और बता दूं कि रविवार को समझ नहीं पाते बच्चे का और जो है बारिश होने की संभावना है इसके लिए तो चंडीगढ़ में भी मौसम बहुत ज्यादा गर्म हो चुका है यानी कि गर्मी बहुत ज्यादा बढ़ चुकी है तापमान में बढ़ोतरी हुई है हरियाणा सरकार ने एडवाइजरी भी जारी कर दी है || आपको बता दें कि लगातार गर्म हवाएं चल रही है जिसकी वजह से लोग बीमार भी हो रहे हैं और लू से बचने की सलाह जो है डॉक्टरों की ओर से दी जा रही है हरियाणा सरकार ने भी एडवाइजरी जारी कर लोगों को यह हिदायत दी है दोपहर में घरों से बाहर ना निकले और हरियाणा में गर्मी का कहर अभी भी लगातार जारी है आपको बता दें कि मौसम विभाग ने बताया कि 4 जून तक इसी तरीके से जो है तापमान बढ़ा हुआ रहेगा गर्मी ज्यादा रहेगी || 	HI_X_256_228	HI_X_256_185	
7079155	जालंधर में एक रेपिस्ट को भीड़ ने पीट-पीटकर मार डाला पीड़ित मासूम की उम्र करीब 10 साल है बच्ची और उसके छोटे भाई को घर पर अकेला छोड़कर परिवार वाले बाहर गए थे इसी दौरान पास का रहने वाले का दर्शक घर में घुसा और मासूम बच्ची के साथ रेप करने लगा इसी दौरान परिवार के लोग वापस आ गए और को दबोच लिया परिवार और मोहल्ले वालों ने आरोपी की मौत हो गई लुधियाना में नगर निगम की टीम को अवैध पार्किंग को रोकना भारी पड़ गया कोर्ट कांप्लेक्स के पीछे बन रही पार्किंग को रोकने पहुंचे नगर निगम की टीम को पार्टी के कर्मचारियों ने बंधक बना लिया मामले की खबर पाकर निगम के बड़े अधिकारी पहुंचे तो मामला और उलझ गया आखिरकार दोनों गुटों में जमकर हंगामा और मारपीट हुई इस मामले में अभी तक किसी की कोई गिरफ्तारी नहीं हुई है हरियाणा के फतेहाबाद में एक भैंस ने अपना सिर कृषि यंत्र में फंसा लिया घटना गांव दाढ़ी भोजराज की है जहां ना जाने कैसे एक बहस का शेर कृषि यंत्र में फस गया गांव वालों ने भैंस की जान बचाने के लिए ढाई घंटे की मेहनत के बाद मशीन को काट डाला जिसके बाद भैंस की जान बच सकी || पटियाला से सांसद परनीत कौर को इलाज के बाद अस्पताल से छुट्टी दे दी गई है डॉक्टर ने परनीत कौर को 4 दिन के कंप्लीट बेड रेस्ट की सलाह दी है दिल्ली में कांग्रेस पार्लियामेंट्री कमेटी की बैठक से लौटने के दौरान परनीत कौर के साथ खाता हो गया था परनीत कौर को गिरने की वजह से चोट लग गई थी || 	HI_X_256_51	HI_X_256_84	
7078745	चाल कपूर के बेटे लक्ष्य कपूर 3 साल के हो गए हैं और इस खास मौके पर तुषार कपूर ने अपने बेटे लक्ष्य कपूर के लिए रखी खास बातचीत को क्या-क्या स्पर्श खास मौके पर लक्ष्य के दादा दादी आ रही जितेंद्र और शोभा कपूर को भी स्पा क्या-क्या एकता कपूर भी अपने बेटे को यहां अपने बेटे का चेहरा || तू ही एकता कपूर के एक्स विदेशी भेज सबके सामने आया जब एकता पार्टी से निकली तू गरीब बच्चों और महिलाओं को उन्होंने खाना खाकर जाने की अपील की और साथ ही साथ गरीब बच्चों के साथ एकता ने हाथी मिलाएं || अगर आपको बता दी तो हर कोई यहां यश रुई के साथ पाठ किया गया तो वही सोहेल खान की बेटी इनाया भी पार्टी में मौत हुई और उन्होंने दी तैमूर की तरह मीरा को ढेर सारी फ्लाइंग जट्ट || 	HI_X_256_233	HI_X_256_5	
7079739	बागेश्वर में आकाशीय बिजली गिरने से गांव लाहौर तो क्लॉज़ुरा में लगभग 8 परिवारों के 88 भेड़ों की मृत्यु हो गई घटना से गांव के लोग काफी मायूस नजर आ रहे हैं वहीं आकाशीय बिजली गिरने की सूचना मिलते ही नायब तहसीलदार और पशुपालन की टीम मौके पर पहुंची मौके पर पहुंची टीम ने गांव के लोगों से पूछताछ करके घटनास्थल का जायजा लिया अभी परिवार की भेड़ों की संख्या और भी बढ़ सकती है यह घटना स्थल का जायजा करने के बाद ही पता चल पाएगा कि और कितनी भेड़ों की मृत्यु हुई पंजाब केसरी टीवी के लिए बागेश्वर से जगदीश उपाध्याय की रिपोर्ट || 	HI_X_256_51	HI_X_256_178	
7079735	जिला अलीगढ़ के थाना अतरौली क्षेत्र के गांव इनायतपुर में एक बाप ने अपनी बेटी को झूठी शान की खातिर मौत के घाट उतार दिया बाप ने अपनी इज्जत के खातिर की घटना को अंजाम दिया फिलहाल पुलिस ने शव को कब्जे में लेकर अज्ञात में मुकदमा दर्ज कर पोस्टमार्टम के लिए शो को भेज दिया था वह पुलिस की पूछताछ में पता चला कि पिता ने इस पूरे घटना को अंजाम दिया है दरअसल नाबालिग लड़की को पड़ोस के गांव कोटवा थाना हरदुआगंज के रहने वाले बृजेश और छोटू से प्रेम हो गया था जिसका घर आना जाना रहता था तभी श्वेता और छोटू के बीच कब प्रेम परवान चढ गया यह पता भी नहीं चला रहा और दोनों नेता जीने मरने की कसमें भी खाएं लेकिन उनका यह प्यार दादा दिल दुनिया की नजरों से छूट नहीं पाया और एक दिन वह वक्त भी आ गया जब इन दोनों का प्यार परिवार || के सामने आ गया जिसके बारे में प्रेम सिंह और उसके बेटे प्रदीप को भी भनक लग गई तो उन्होंने श्वेता को पहले तो समझाया लेकिन उसने अपने परिवार की बात मानने से इंकार कर दिया बृजेश ताहिर से शादी की इज्जत करने लगी जिस पर उसको कई बार समझाया भी जा और मारने की धमकी भी देने लगे दोनों की उम्र में जमीन आसमान का फर्क था लेकिन नाबालिक लड़की थी और बृजेश एक अधेड़ उम्र का लड़का था लेकिन जब बेटी नहीं मानी तो पिता ने ऑनर किलिंग की घटना को अंजाम दिया इस खबर में बस इतना ही || 	HI_X_256_144	HI_X_256_209	
7078882	खेत एवरेस्ट की ऊंचाई छूने वाली मेघा परमार रहे हैं भारतीय बेटियों के मान को नई परिभाषा दी है मध्यप्रदेश के सीहोर की रहने वाली मेघा पर्यावरण संरक्षण के लिए काम करना चाहती हैं कि चढ़ाई के दौरान होने जैसा नाम वैसा काम मेघा ने अपने नाम को सच कर दिखाया किसान की बेटी ने एवरेस्ट शिखर को छू लिया मेधावी मेघा ने 22 मई को हिमालय के शिखर पर तिरंगा फहराया फतह करने के बाद मेघा परमार गांव भोजनगर पहुंची जहां बेटी को लोगों ने सर माथे पर छाया मैहर की आबादी वाले मेघा के गांव को भी आज उसके जरिए लोग जानने लगे हैं मेघा के लिए बेटी होना आज फक्र की बात है || मध्य प्रदेश के प्रसिद्ध उलझावन गांव की रहने वाली बैठा किसान की बेटी है हवा पानी का बोर में समझती है हिमालय की वादियों में सांसो के संघर्ष में इसकी कीमत को और खरीद से समझाया की क्या कीमत है बहुत सारी जितनी क्षमता होगी मैं उतनी लोगों की मदद करूंगी मेघा परमार के साथ 22 मई को ही रहने वाली 27 वर्षीय || भावना डेहरिया निधि एवरेस्ट साबित कंप्लीट किया था इनकी सफलता पर मध्य प्रदेश के सीएम कमलनाथ ने शुभकामनाएं दी खेल एवं अन्य खेलों को प्रोत्साहित करने के लिए राज्य सरकार विशेष प्रयास करेगी प्रदेश का जो भी पर्वतारोही माउंट एवरेस्ट फतह करेगा राज्य सरकार उसे यात्रा के लिए आर्थिक मदद करेगी घर हाल मध्यप्रदेश के बेटों ने भारत का मस्तक गर्व से ऊंचा कर दिया है जो बाकी बेचू के लिए प्रेरणा स्त्रोत है TV9 भारतवर्ष की ओर से भी इनके हौसले को सलाम सीहोर मध्य प्रदेश से जावेद जाफरी के साथ ब्यूरो रिपोर्ट TV9 भारतवर्ष || 	HI_X_256_95	HI_X_256_175	
7078459	झुंझुनू के किशनपुर ग्राम में 27 तारीख की रात को दो गुटों में हुए खूनी संघर्ष के मामले में पुलिस को बड़ी कामयाबी हासिल हुई है पुलिस ने इस संबंध में 4 आरोपियों को गिरफ्तार किया है पुलिस उप अधीक्षक मोहम्मद अयूब खान ने बताया कि किशनपुरा के दो परिवार द्वारा गांव की राजकीय पहाड़ी व दलितों की जमीन पर अवैध खनन किया जा रहा था इस कारण लोगों में आपस में रंजिश चल रही है वहीं एसपी गौरव यादव ने मामले में गंभीरता दिखाते हुए आरोपियों को पकड़ते हुए अलग-अलग टीमें बनाने के निर्देश दिए थे आज पुलिस ने इस मामले में 4 आरोपियों को गिरफ्तार कर लिया घटना का मुख्य आरोपी महेश सिंह भूपेंद्र सिंह महेंद्र सिंह सचिन को गिरफ्तार कर गहनता से पूछताछ की जा रही है वहीं अन्य आरोपियों को धर पकड़ हेतु टी में लगाकर छापामार कार्यवाही कर रही है 22 तारीख को हमारे यहां प्रकाश || रामपाल सिंह ||  राहुल सिंह का नाम देव आनंद की परीक्षा रिजल्ट || 	HI_X_256_72	HI_X_256_113	
7079833	मध्यप्रदेश के सतना में घोटाले का खुलासा हुआ है और यह घोटाला शिक्षा विभाग में ही हुआ है गौण खनिज मद से मिली राशि को तत्कालीन जिला शिक्षा अधिकारी ने नियमों को ताक पर रखकर टेंडर भाटी और बिना भौतिक सत्यापन के ही बिल का भुगतान भी कर दिया शिक्षा अधिकारी बीएस देव लहराने बिना कलेक्टर की जानकारी में खुद ही चार करोड़ का चेक सप्लाई एजेंसी को अग्रिम भुगतान कर दिया जिला शिक्षा अधिकारी की मानें तो फर्नीचेयर खरीदी में बड़ी अनियमितता बरती गई है जो नियम विरुद्ध है || अब इस बड़े घोटाले की पोल खुल चुकी है अधिकांश स्कूलों में फर्नीचर ही नहीं पहुंचे जबकि स्कूलों के नाम पर फर्नीचर की सप्लाई कागजों में हो चुकी है ऐसे में विचारों की शिकायत पर वर्तमान जिला शिक्षा अधिकारी टीपी सिंह ने मामले की जांच पड़ताल की और बड़ा घोटाला होने के प्रमाण एकत्रित कर उच्च अधिकारियों को अवगत कराया है इस खबर में फ़िलहाल इतना ही || 	HI_X_256_37	HI_X_256_16	
7079629	बड़ी खबर आ रही है जम्मू कश्मीर के शोपियां से जहां सुरक्षा बलों के साथ मुठभेड़ में दो आतंकियों के ढेर होने की खबर है दोनों आतंकियों का शव बरामद कर लिया गया है आतंकी एक सवेरा गाड़ी में सवार थे आतंकियों और सुरक्षाबलों के बीच फायरिंग भी हुई है जिसमें दो आतंकी मारे गए एक आतंकी कुल गांव का रहने वाला बताया जा रहा है तो हम खबर जम्मू कश्मीर के शोपियां से आपको दे रहे हैं जहां सेना और आतंकियों के बीच मुठभेड़ चल रही कामयाबी हासिल की है दो आतंकियों को ढेर कर दिया है हमारे संवाददाता जानकारी देंगे उनसे बात कर दो आतंकियों के बारे में और क्या जानकारी मिल पाई है जिसे भारतीय सेना के जवानों ने फिर किया है || पहले मैं आपको बता दूं यह जो आप मुझ पर है वह रात के करीबन 1:00 बजे के आसपास हुई जब एक तवेरा गाड़ी में एक मिल तो हथियार लेकर रहा था उसके साथ के जवानों को देखकर उसके चलते जवाबी कार्रवाई में उनको वहां पर मार दिया कर उसके बाद पूरे इलाके में सर्च ऑपरेशन शुरू किया गया वर्कर हो सकता है मिल्टन संगठन का लेकिन फिलहाल इसकी कोई पुष्टि नहीं है कि वह सुबह मैन है या मिथुन चक्रवर्ती जाते कुलगाम जिले की || लगातार क्या क्या जिसमें से एक आतंकी के मारे जाने की खबर कंफर्म है वहीं दूसरे के बारे में कहा जा रहा कि हो सकता है वह तवेरा गाड़ी का ड्राइवर भी हो || 	HI_X_256_174	HI_X_256_49	
7079424	महाराष्ट्र में विद्युत की तरह मराठवाड़ा में भी भीषण अकाल है लोग अपना पूरा दिन पानी का जुगाड़ करने में गुजार देते हैं औरंगाबाद के थर गांव में भी कुछ ऐसा ही हाल है जहां पर दिन में सिर्फ एक टैंकर आता है जिसका पानी 5 मिनट में खत्म हो जाता है वहां के लोग 45 डिग्री तापमान में चार चार दिन बिना ना रहे हैं देखिए हमारे संवाददाता पंकज खेलकर की यह रिपोर्ट || यह तस्वीर भारत में अकाल से जूझ रहे किसी भी गांव की हो सकती है आधा महाराष्ट्र अकाल की चपेट में है और लोग जान पर खेलकर पानी भरते हैं ||  औरंगाबाद से 70 किलोमीटर दूर हर गांव में दिन के 12:00 बजे है महिलाएं पानी भरने की ऐसी तैयारी कर रही है मानो किसी युद्ध में शामिल होने जा रही हो ||  की कड़ी धूप है उस धूप में यहां पर गांव वाले थेरगांव के यह जो सारे गांव वाले हैं वह इकट्ठा हो रहे हैं और यहां पर फिर एक बार जो शर्त लग जाएगी एक रेस लगेगी पानी भरने के लिए यहां पर जो महिलाएं दिखाई दे रही है सिर्फ भांडा लेकर नहीं उनके पास पाइप भी है हर एक महिला के पास अपना खुद का अलग पाइप है हाथ में लिए पकड़े हुए यहां पर खड़ी है 8 दिन में आता घर पहुंच चुका है टैंकर हफ्ते में बस एक बार आता है टैंकर का 24000 लीटर पानी 5 मिनट में ही खत्म हो जाता है इसलिए सब लोगों को जल्दी से जल्दी अपनी प्लास्टिक की कैन भरनी पड़ती है छोटे बच्चे टैंकर पर चढ़े हुए हैं ऊपर और हेड पर जो दिखाई दे रहा है इलेक्ट्रिक वायर भी है लेकिन पानी जो चाहिए ||  पानी की जरूरत है उसके लिए अपनी जान भी जोखिम में डाली है छोटे-छोटे बच्चे ||  पानी भरने में ही छोटे बच्चों की छुट्टियां जा रही है चेक करके आते ही बहुत सारे बच्चे उस पर चढ़कर पाइप को संभालने में लग जाते हैं ||  मराठवाड़ा के 11 जिलों की क्या बदलाव जनसंख्या साल के 7 महीने पानी के टैंकर पर ही निर्भर रहती है पर सरकार इन लोगों के लिए कुछ करती नजर नहीं आती औरंगाबाद से पंकज खेलकर के साथ आज तक ब्यूरो || 	HI_X_256_40	HI_X_256_234	
7079646	रात में विधानसभा चुनाव को लेकर के बीजेपी और शिवसेना में स्थित शेयरिंग फार्मूला तय हो गया है यह बड़ी खबर आ रही है बता दी कि बीजेपी और शिवसेना 135 सीटों पर चुनाव लड़ेगी और गठबंधन की बाकी साथियों के लिए 18 सीटें छोड़ी जाएगी यह जानकारी मारा सरकार में मंत्री चंद्रकांत पाटील ने दी है आगामी विधानसभा चुनाव को लेकर के भी पार्टी में सीट शेयरिंग का फार्मूला तय हो गया है महाराष्ट्र में बीजेपी शिवसेना के बीच सीटों का बंटवारा हो गया है जिस तरीके से लोकसभा चुनाव मिलकर खेल रहे उसी तरीके से आगामी विधानसभा चुनाव में भी बीजेपी और शिवसेना एक साथ चुनाव लड़ेगी और 135 सीटों पर चुनाव बीजेपी और शिवसेना लड़ने वाली हमारे साथ हमारे सहयोगी विनोद जगदाले झुके विनोद सिंह को लेकर के जाता है कि काफी माथापच्ची होगी किसको कितनी सीटें दी जाएंगी आपस में विचार-विमर्श होगा लेकिन लग रहा है कि काफी पहले ही सीट शेयरिंग का फार्मूला तय हो गया इससे आगे काम करने में भी आसानी होगी || लोकसभा चुनाव से पहले गठबंधन होगा कि नहीं इस पर अटकलें लगाई जा रही थी सूचना बीजेपी का गठबंधन होगा कि नहीं लेकिन अब शाहरुख उद्धव ठाकरे के बीच लोकसभा और विधानसभा सीटों का स्टेरिंग उसी वक्त हो चुका था आज बस यहां पर महाराज के दो वरिष्ठ मंत्री है चंद्रकांत दादा पाटिल उन्होंने मराठवाड़ा में यह बात कही है कि महाराज पर अक्टूबर 2019 में होने वाली है मैं 100 दिन बाद होने वाले महाराष्ट्र विधानसभा के चुनाव में यहां पर बीजेपी शिवसेना साथ पर लड़ेगी 135 135 भारतीय जनता पार्टी सीटों पर लड़ेगी 18 सीटें हैं जिसमें 3 दिन के गठबंधन किसकी है जैसे रामदास आठवले कि मैं रिपब्लिकन पार्टी है और रेट क्रांती संघटना है और शिवसंग्राम इनको 18 सीटें भर दी जाएगी तो यह सीट शेयरिंग का फार्मूला यहां पर तय हो चुका है लोकसभा में एक बड़ी जीत हुई थी सूचना बीजेपी यूपी कि आप महाराष्ट्र में दोबारा सत्ता में आने के लिए इन्होंने तैयारी अभी से शुरू कर दी है ||  कल यहां पर बनाए रखें || 	HI_X_256_10	HI_X_256_84	
7078852	उत्तराखंड के चमोली और अल्मोड़ा जिले में बादल फटने से बड़े नुकसान की खबर सामने आई है अल्मोड़ा में बादल फटने से रामगंगा नदी का जलस्तर बढ़ गया है खराब को देखते हुए प्रशासन ने अलर्ट जारी किया है हालांकि अभी तक नुकसान से जुड़ी सही रिपोर्ट सामने नहीं आई है जबकि एक व्यक्ति के मारे जाने की बात कही जा रही है वह साल 2013 में बारिश के बाद मंदाकिनी और अलकनंदा नदी का जलस्तर बढ़ गया था इससे केदारनाथ समेत राज्य के कई हिस्से में बाढ़ ने भीषण तबाही मचाई थी हजारों लोग बेघर हुए थे और सैकड़ों लोग मारे गए थे बताया जाता है रविवार की रात बादल फटने से चमोली और अल्मोड़ा में तबाही देखने को मिली लोगों के सामने साल 2013 का मंजर आ गया अल्मोड़ा के चौखुटिया क्षेत्र के खेड़ा और शिरडी गांव में बादल फटने से कई घरों के बह जाने की खबर है हालांकि || प्रशासन ने तबाही की पुष्टि नहीं की है बता दे प्रदेश में पड़ रही भीषण गर्मी से लोग बेहद परेशान थी रविवार को दोपहर बाद कई जगह बारिश होने के साथ ही तेज हवा चली गढ़वाल में चमोली रुद्रप्रयाग पिथौरागढ़ और उत्तरकाशी में तेज बारिश हुई देहरादून और हरिद्वार में भी बौछारें पड़ी कुमाऊ के कई इलाकों में बारिश और तेज हवाओं के कारण बिजली गुल हो गई इस खबर में फ़िलहाल इतना ही || 	HI_X_256_185	HI_X_256_47	
7080007	मुजफ्फरपुर के कथैया थाना क्षेत्र की फतेह पंचायत के मुसहरी गांव में रविवार की देर शाम अचानक आग लग गई आग लगने की खबर गांव में पहली जिसके बाद लोगों में सनसनी फैल गई लोगों ने आग लगने की सूचना का तकिया पुलिस को दी ग्रामीणों की सूचना के आधार पर कथैया थाना अध्यक्ष सुनील कुमार और दमकल कर्मी राहुल सिंह और इंचार्ज नवीन सिंह ने आग बुझाने की काफी कोशिश की बताया जाता है कि अगला की किस घटना में 4 से अधिक घर जलकर खाक हो चुके हैं फिलहाल अब तक आग लगने के कारणों का खुलासा नहीं हो सका है वहीं डीएम मुजफ्फरपुर में अगलगी की सूचना को गंभीरता से लिया है इंडियन को पीड़ितों की सूची बनाकर शीघ्र राहत सामग्री बांटने का निर्देश दिया है गौरतलब है कि मुजफ्फरपुर के कथैया थाना क्षेत्र के फतेहाबाद के मुसहरी गांव में रविवार की देर शाम अचानक आग लग गई आग लगने की खबर गांव में फैली जिसके बाद लोगों में सनसनी फैल गई लोगों ने आग लगने की सूचना पुलिस को दी ग्रामीणों की सूचना के आधार पर कथैया थाना अध्यक्ष || सुनील कुमार और दमकल कर्मी राहुल सिंह और इंचार्ज नवीन सिंह ने आग बुझाने की काफी कोशिश की बताया जाता है कि अगला की किस घटना में 4 से अधिक घर जलकर खाक हो चुके हैं फिलहाल अब तक आग नहीं हो सका || 	HI_X_256_46	HI_X_256_162	
7080101	पढ़ाई-लिखाई एनडीए का एक बेहद जरूरी होता है और यहां 8 साइंस और सर्विस से जुड़ी ट्रेनिंग के लिए खास इमारतें बनाई गई है अपनी शुरुआत के बाद से यहां पढ़ाए जाने वाले विषयों के काफी बदलाव आ चुका है एकेडमी से पासआउट के बाद यहां के पास साइंस और आर्ट की बिक्री होती है इंडिया में कई दूसरे देशों की भाषाओं को सीखने का मौका भी मिलता है लगातार बदलते भौगोलिक और राजनीतिक हालात की वजह से अपेक्षा काफी लोकप्रिय हो गई है यहां विदेशी भाषाओं की अहमियत है क्योंकि आजकल हम दूसरे देशों की फौजों के साथ बातचीत कर रहे हैं हम उनके साथ मिलकर ट्रेनिंग कर रहे हैं और हम अपने देश के प्रतिनिधि बनकर भी जाते हैं उनकी भाषा बोली जाती हो तो हमारा काम काफी हद तक आसान हो जाता है में विदेशी भाषा है जैसे कि और फीडिंग से दोपहर 3:33 हर चीज को बस क्लास रूम में नहीं सीखा जा सकता ज्यादातर ट्रेनें खुली जगह में की जाती है || आज यहां झुलसा देने वाली गर्मी है और छोटे डॉन के आर्मी कैडेट जय वीर सिंह चौहान और उनके साथी पहाड़ी पर बने एक चेक के नीचे जमा हुए हैं इनके इंस्ट्रक्टर इन एग्जाम और उनके बारे में गहराई से समझा रहे हैं जहां सीखी गई तकनीकों को बहुत सारे प्रैक्टिकल सशंस में इस्तेमाल किया जाएगा ताकि कैडेट्स को मिलिट्री के पत्रों में माहिर बनाया जा सके लोगों के दिमाग में फौजी अफसरों को लेकिन हमें लोगों का नेतृत्व करना पड़ता है और ऐसा करने के लिए जरूरी है कि हमें खुद बहुत जानकारी हो बहुत सारी फौजी टैक्टिक्स होती है जैसे कि हथियार चलाना और जंग लड़ने में पहले ही में सीखना पड़ता है और फिर प्रैक्टिकल करना पड़ता है मिलिट्री फोर्सेस में नए सिद्धांत की शुरुआत हुई है जिसे कहते हैं कॉल अब और क्या मतलब है कि होने के साथ ही स्कॉलर भी होना चाहिए खुदी को निखारने जाता अपने छठे और आखिरी काम में कैडेट्स को उनके चुने गए विषयों के बारे में पढ़ाया जाता है इस बार यहां छोटे तबके आर्मी कैडेट के मिलिट्री वॉलपेपर 1 क्लास चल रही है प्रैक्टिकल ट्रेनिंग || चोरी की जाती है और यह कि सीखने की प्रक्रिया का एक बेहद अहम हिस्सा होती है मिलिट्री के फाउंडेशन कोर्स इसके बारे में बहुत ही चीजें दिखाई जाती है जैसे फौज के तौर तरीके से कैसे बात करनी है इसके अलावा हमें सब्जेक्ट पढ़ाए जाते हैं जो डायनामिक्स मेट्रोलॉजी एब्निगेशन की पढ़ाई करते हैं अपने साथियों और सीनियर से प्रेरणा लेकर ही क्लास और मैदान में होने वाले का इंतिहान को पार कर पाते हैं ब्रह्मोस कॉटन के एंकर डेट को एंड्रयू पहुंचने का हुक्म दिया गया है जहां उनके अब तक के कामकाज पर बातचीत की जाएगी और इन्हें अपने कॉमेंट के लिए और ज्यादा मेहनत करने के लिए प्रेरित किया जाएगा अपने जूनियर्स को सब कुछ सिखाने और उन्हें हर तरह से तैयार करने की जिम्मेदारी सीनियर अपने हाथ || कॉटन के जोश को बरकरार रखते हैं || 	HI_X_256_12	HI_X_256_22	
7080051	48 के समीप सुबह तड़के ही हादसे में एक की मौत और महिला सहित तीन लोग घायल हो गए जिन्हें उपचार के लिए जिला अस्पताल लाया गया बताते चलें कि दिल्ली के एक बटे 87 हॉस्पिटल रोड उत्तम नगर वेस्ट निवासी 35 वर्षीय सुशांत कुमार पुत्र अजीत कुमार अपनी पत्नी अमृता के साथ एवं दो अन्य 27 वर्षीय सुशील पुत्र वीर सिंह निवासी एकेएम क्लब गली नंबर 4 नागलोई इंदर पटेल पुत्र जमुना प्रसाद निवासी कटनी मध्य प्रदेश एक एंबुलेंस में सवार जिसमें सबको रख बिहार जा रहे थे जिला फिरोजाबाद के थाना नसीरपुर क्षेत्र आगरा लखनऊ एक्सप्रेस वे पर सुबह तड़के किसी अज्ञात वाहन ने टक्कर मार दी जिसमें सुशांत कुमार की मौके पर ही मौत हो गई बाकी तीन लोग गंभीर रूप से घायल है आनन-फानन में घायलों को उपचार के लिए अस्पताल भेजा गया जहां ड्यूटी पर तैनात चिकित्सक डॉ शैलेंद्र प्रताप ने बताया कि घायलों की हालत में काफी सुधार है सूर्य प्रताप सिंह फैजाबाद समाचार टो इनफॉर्म कि आपका क्या नाम है || सरोज सरोज देवी किसका नाम जो बेड बेड पर लिटा सरोज देवी जी की वाइफ का नाम क्या है सुशील सन ऑफ मिर्च कहां रहते हैं आप नागौर दिल्ली तो यह क्या आप सवारियां लेकर जा रही थी तो यह हादसा कहां हुआ है टक्कर किस से टक्कर हुई थी एंबुलेंस || टक्कर हुई थी तो पलट गई थी तो टच किस से चला कौन राजा मनोज तिवारी होली कुछ पता चला क्या पता || 	HI_X_256_210	HI_X_256_24	
7080032	जिसमें कई लोग घायल भी हो गए मामला थाना गोवर्धन के हाथी दरवाजे का है जहां रिंकू लाइट एंड साउंड सर्विस के सामने वाली गली में नगर पंचायत द्वारा सरकारी खरंजा का निर्माण कराया जा रहा है लगभग 4 फुट चौड़ी गली मेरा एक और बालकृष्ण अग्रवाल के मकान की दीवाल है और दीवाल के पास एक छोटी सी चबूतरे है तथा दूसरी और डॉक्टर भगवान सिंह गिर्राज और बोला जोगी के मकान है छोटी सी चबूतरे को लेकर था जिसे एक और भगवान सिंह गिर्राज और भोला गली की सरकारी संपत्ति बता रहे थे वहीं दूसरी और बालकृष्ण अग्रवाल उसे अपनी निजी संपत्ति बता रहे थे इसी बात को लेकर विवाद खड़ा हो गया और मामला थाने तक जा पहुंचा दोनों पक्षों ने थाना दिवस में पहुंचकर एसडीएम और क्षेत्राधिकारी गोवर्धन के सामने अपने पक्ष को रखा दोनों पक्षों की बात सुनने के बाद एसडीएम नागेंद्र सिंह क्षेत्राधिकारी कैलाश चंद्र पांडे और थानाध्यक्ष राजेश पांडे ने मौके पर पहुंचकर नगर पंचायत चेयरमैन पंडित हेमचंद शर्मा और यू अजय यादव को मौके पर बुलाकर मामले की पड़ताल की और दोनों पक्षों की आपसी सहमति हो जाने के बाद मामले का निस्तारण कर दिया || डीडी शर्मा मथुरा समाचार 24:00 आज सुप्रीम कोर्ट के जज मुकेश कुमार ऋषि भाई साहब गोवर्धन गिरिराज महाराज के दर्शन करने के लिए पहुंचे जहां उन्होंने गिरिराज जी की पूजा अर्चना की और गिर्राज महाराज के दर्शन कर आशीर्वाद मांगा जिसके बाद जलपान ग्रहण करने के उपरांत वह सीधे मुखारविंद जतीपुरा दर्शन के लिए निकल गए श्री साईं से पहले पटना हाई कोर्ट में चीफ जस्टिस रह चुके हैं और वर्तमान || 	HI_X_256_240	HI_X_256_24	
7080136	हिमाचल प्रदेश के प्लम के बगीचे 24 घंटे पहले तक फलों से लदे हुए नजर आ रहे थे लेकिन चंद मिनटों के तूफान ने सारी फसल नष्ट कर दी फिल्म के दौरान में चार-पांच दिन का ही समय बचा था लेकिन बाग वालों को क्या खबर थी कि उनकी मेहनत पर मिल तो में पानी फिर जाएगा सतलुज तट क्षेत्र में तूफान नीलम की तैयार फसल को नुकसान पहुंचा दिया है तूफान से लम के कई पेड़ों से टहनियां टूट गई है फिल्म बागवान ने बताया कि सतलुज तट क्षेत्र जहां शिमला जिले में सबसे अधिक प्लान तैयार होता है मां तूफान ने तबाही मचाई है वही रामपुर उपमंडल के दत्तनगर निरसू नीरथ मोगली तलाई राजपुरा ककरोल कुंकू और आसपास के क्षेत्र में नुकसान अधिक हुआ है || चतुर वेतन ||  रामपुर तहसील में जो दत्त नगर पंचायत है नीरज पंचायत है यहां बारिश तूफान आने के कारण यहां का किसान की फसल पैदा करता है उसको भारी नुकसान हुआ है 30 से लेकर 25 प्रखंड का नुकसान हुआ है जो फलदार ट्रेनी थी वह भी टूट गई है हम सरकार से अपील करते हैं कि जो इन किसानों को जो फल का नुकसान हुआ प्लान के फल का नुकसान हुआ है इसका आकलन करके इनको आर्थिक मदद से मुआवजा भुगतान करें यह हमारी सरकार से अपील है ||  इतनी बड़ी त्रासदी होने के बावजूद भी स्थानीय प्रशासन उदासीन बना हुआ है पीड़ितों की सुध लेने कोई भी नहीं पहुंचा पीड़ित परिवारों ने मांग की है कि उनके नुकसान का आकलन कर उचित मुआवजा दिया जाए प्लांट में 200 में से लगभग 50 प्लान 20 दिन की होगी अभी की हालत खराब होने का तो लगभग ₹75000 का नुकसान अलग है तू अब क्या करें कि यहां तो कोई देखने में नहीं आता है ना कोई कुछ नहीं कृषि विभाग है कोई बागवानी विभाग है यहां का जो आदमी स्टेशन है उनको जाकर देखना ||  लोगों का नुकसान हुआ इतना तूफान आया क्या नुकसान हुआ है उसका कुछ ना कुछ सरकार तक उसको पंचायत किसी को कोई चिंता नहीं है बता दें कि इस बार सर्दियों में अच्छी बारिश और बर्फबारी के कारण गुठली दलों में अच्छी फसल थी भूमि में पर्याप्त नमी होने के कारण फलों का आकार भी आशा अनुसार बड़ा था इससे भगवानों को उम्मीद थी कि मंडी में फसल के अच्छे दाम मिलेंगे लेकिन तेज आंधी ने फिल्म की सारी फसल को तबाह कर दिया बागवान फिल्म के एवज में आढ़तियों से अग्रिम राशि भी ले चुके थे अब उन्हें चिंता है कि उसे कैसे लौट आएंगे रामपुर से विशेषण नेगी पंजाब केसरी || 	HI_X_256_24	HI_X_256_117	
7085564	उर्दू आपकी नम्रता और समझदारी आपके रिश्ते में आई खटास को दूर कर देंगे आपके खोए हुए रिश्तो को वापस पाने के आपके प्रयास जरुर सफल होंगे जिससे यह रिश्ता फिर से मजबूत हो सकेगा आपके प्रयासों से आपके बीच की गलतफहमियां दूर हो जाएंगी राशि कन्या रोमांस आजाद की सहनशीलता की परीक्षा होगी आप भेजे हैं वह चिड़चिड़ा हो सकते हैं अपना संयम बनाए रखें अपने साथी को कोई अपमानजनक बात ना कहें हर विषय पर खुलकर बात करें राशि कन्या करिया आज आप इस भ्रम में रहेंगे कि अपनी रुचि व व्यवस्थाएं में मेल कैसे बढ़ाया जाए आपके व्यवसाय के साथ ही आप में अनेकानेक रोगियों व सृजनात्मक प्रतिभा का विकास हो रहा है आप यदि बागवानी के क्षेत्र को चुनते हैं तो आज का दिन विशेष फल देने वाला है राशि कन्या फाइनेंस पैतृक संपत्ति का विभाजन || अपने नजदीकी रिश्तेदारों के बीच हो सकता है पैतृक संपत्ति से उपजे विवाद छोटी घटना को भी कठिन समस्याओं में तब्दील कर सकते हैं यदि आप शक्तिशाली पारिवारिक पक्ष के उत्पीड़न को बर्दाश्त नहीं करेंगे तो यह स्थिति भयावह हो सकती है बेहतर है कि आप पीछे हट जाएं यदि आप पैतृक संपत्ति के लिए उलझना नहीं चाहते हैं राशि कन्या है आज आपकी सेहत चमकती नजर आएगी और इस चीज को दूसरे लोग भी महसूस करेंगे आज आप मानसिक और शारीरिक दोनों तरीके से खुद को स्वस्थ पाएंगे आज मानसिक तनाव भी कम होगा इसलिए आज आप पूरी शक्ति से अपने घरवालों और दोष || 	HI_X_256_90	HI_X_256_77	
7080154	बहुत कम डॉग्स में कोई उल्टी जैसी हटात करने की ज़बरदस्त मिलिट्री होती है उन्हें बहुत अच्छी तरह पता है कि लोगों की नजरों से कैसे दूर रहना है वह सिटी के उन एरियाज में रहते हैं जिन्हें हम छोड़ चुके हैं जंगली डॉग्स की सक्सेस में भी उनकी एडेप्टेबिलिटी का बहुत बड़ा हाथ है ड्यूटी इसके सबसे बड़े एग्जांपल है दूसरे स्पीशीज से अलग से कोई चीज को अपने नेचुरल हैबिटेट से निकलना पड़ता है तो वह नए माहौल में अपने आप को एडिट कर लेते हैं जैसे शिकागो में || जो अब हजारों को नोटिस का घर बन गया है ||  पिछले 10 साल में इनके देखे जाने के इंसिडेंट तीन हजार पर्सेंट ज्यादा हो गए हैं उन्होंने किसी के लिए है मुझे लगता है वह हमारे बारे में बहुत कुछ जानते हैं हमने 10 कोटी इसको स्टडी किया है वह इतने समझदार है कि वह जानते हैं कि ट्रांसलेट से आता है तो वह रोड क्रॉस करने से पहले लेफ्ट देखते हैं फिर उन्हें समझ में आता है कि हमारे सिस्टम में जीने के लिए कैसे काम करना है ||  क्योंकि हमारे हिसाब से अपना शेडूल एडजस्ट कर लिया इन 100 बॉक्सर सिटी एरिया इसमें यह ज्यादातर रात में देखते हैं अनलाइक village.in स्टडी के मास्टरपीस अभी तो इनके बारे में बहुत कुछ जानना बाकी है ||  बहुत कम डॉग्स में कोई उल्टी जैसी हटात करने की ज़बरदस्त मिलिट्री होती है ||  उन्हें बहुत अच्छी तरह पता है कि लोगों की नजरों से कैसे दूर रहना है वह सिटी के उन्हें रियास में रहते हैं जिन्हें हम छोड़ चुके जीपीएस ट्रैकिंग से पता चलता है कि वाइल्ड डॉग्स की तरह ब्यूटी इस बीच में रहते हैं ||  लेकिन ज्यादातर यह अकेली एक ही साथी के साथ चलते हैं यहां तक कि इसके लिए उन्होंने रेल नेटवर्क को डॉक्स का सुपर हाईवे बना दिया है यह बहुत इंटेलिजेंट बिहेवियर है जिससे इन्होंने इतने बड़े शहर में शॉर्टकट्स का अपना अलग सिस्टम बना लिया है सिटी के इन कॉम सेक्स ब्यूटी सबसे ज्यादा फास्ट फूड करते हैं परिवार में कोई उसको जितना चालाक समझा जाता है उससे भी ज्यादा है जॉब अनटोल्ड स्टोरी || 	HI_X_256_161	HI_X_256_107	
7086482	सिखों के प्रसिद्ध तीर्थ धाम हेमकुंड साहिब के कपाट आज सुबह ठीक 10:15 पर खोल दिए गए इस दौरान सबसे पहली धर्म कीर्तन और उसके बाद हेमकुंड साहिब की पवित्र पुस्तक गुरु ग्रंथ को हेमकुंड साहिब गुरुद्वारे में विराजमान किया गया उसके बाद इस वर्ष की पहली अरदास पढ़ी गई वहीं विभिन्न प्रांतों से आए हुए सिख धर्म के कई श्रद्धालु हेमकुंड में माथा टेककर परिवार की खुशहाली की गुरु गोविंद साईं से प्रार्थना कि आपको बता दें कि इस दौरान लगभग 9000 की एक बड़ी संख्या में तीर्थयात्री हेमकुंड साहिब पहुंचे और इस बार यात्रा में लगभग 3 किलोमीटर तक वर्क की गलियां बनाई गई हैं हेमकुंड साहिब में अभी भी 10 से 15 फीट वर्ग पूरी तरह से जमी हुई है जबकि पैदल रास्ते पर 6 से 8 फीट बर्फ जमी हुई है जो हेमकुंड साहिब पहुंच रहे तेरा यात्रियों के लिए एक बड़ी चुनौती थी साबित हो रही है मगर एक बार फिर से उनकी श्रद्धा के सामने यह चुनौती भी हल्की पड़ती नजर आई वहीं पवित्र सरोवर भी अभी भी बर्फबारी के बीच घटा हुआ है हेमकुंड साहिब में चारों तरफ के वर्क वर्क वर्क दिखाई दे रही है रास्तों पर बर्फबारी || के बाद भारी फिसलन हो रही है जिसे तीर्थ यात्रियों को काफी परेशानियों का सामना भी करना पड़ रहा है ||  थोड़ा खियाके बरसात का मौसम बताएं किस तरीके से दर्शन हो पा रहे और रास्ता कितना किलो महाराज की कृपा है बहुत बढ़िया दर्शन हो रहे हैं संकट बहुत आ रही है पूजा रही है ऊपर राशि भी बहुत है आज पहला दिन था || 	HI_X_256_61	HI_X_256_22	
7086589	सचिवालय में बीसी के दौरान पोर्न वीडियो प्ले किया गया बर्बाद किए वीडियोकॉन संस्कार किया गया पुत्र भाग की वीडियो कौन थी और उसके बारे में ऐसे अधिकारी को लेकर तैयारियां की जाती है लेकिन किसी भी अधिकारी को पता नहीं क्या करें पोर्न वीडियो कैसे प्ले हुआ रजिस्ट्रेशन के दौरान अचानक से 2 मिनट करीब एक से डेढ़ 2 मिनट तक के पोर्न वीडियो चला है और अचानक इसे रुकवाया गया उसके बाद || तुरंत जो है उन्होंने कार्रवाई की कार्रवाई संभव हो सकती है पूरे मामले की जानकारी देते हुए नहीं हो रहा है किससे अंग्रेजी से लेकर कोई जानकारी नहीं मिली || बाद भी उसके पास जा रे बदरा निर्देश के लिए दिए जांच को लेकर आखिर कब तक जांच पूरी होगी क्योंकि जांच के बाद ही साफ होगा कि आखिर किसकी लापरवाही थी और किस पर गाज गिरेगी बिल्कुल तो निलंबन की कार्रवाई जांच के बाद यहां पर पूरी होगी लेकिन ऋतुराज आपको कि लगातार कवर करते रहे सचिवालय लगातार बैठकें होती वीडियो कॉन्फ्रेंसिंग होती क्या कभी ऐसा कोई मामला इससे पहले राजस्थान में आया कि || कर्नाटक में दूसरे राज्य स्तर के मामले सामने आ चुके हैं लेकिन क्या राजस्थानी पहले कभी ऐसा हुआ है || 	HI_X_256_69	HI_X_256_237	
7086350	देश में चुनाव संपन्न हो चुके हैं जिसमें भारी बहुमत से भाजपा की 2.0 सरकार आई है तो वही मंत्रालयों के गठन होने के बाद आला अधिकारियों के कामकाज में तेजी आना भी लाजमी है कुछ ऐसा ही नजारा हमें उत्तर प्रदेश के कानपुर में देखने को मिला जहां जिले के जिलाधिकारी विजय विश्वास पंत ने विकास भवन में जिले में चल रहे तभी विकास कार्यों की बिंदुवार समीक्षा बैठक की बैठक में जिलाधिकारी विजय विश्वास पंत ने जिले में चल रहे विकास कार्यों की 11 का समीक्षा की साथ ही शासन की मंशा के अनुरूप चल रहे सभी कार्यों की गुणवत्ता में तेजी लाए जाने को लेकर सख्त दिशा-निर्देश दिए इसी के साथ जिलाधिकारी पंत ने कुछ अधिकारियों के जरिए दुरुस्त आंकड़े ना दिखाई जाने पर उन्हें फटकार भी लगाई साथ ही जिला पंचायत राज अधिकारी को शासन की महत्वाकांक्षी योजना के विषय में स्पष्ट जवाब मांगा और कल तक सभी व्यवस्था दुरुस्त करने के निर्देश दिए बैठक में इस भीषण गर्मी में पेयजल की व्यवस्था को भी दुरुस्त रखने के आदेश दिए गए इस मौके पर सभी कार्यों से जुड़े आला अधिकारी उपस्थित रहे || 	HI_X_256_37	HI_X_256_113	
7086701	जुलाना के गांव शादीपुर में दक्षिण हरियाणा बिजली वितरण निगम के उपमंडल अधिकारी और उनकी टीम पहुंची जहां पर बिजली कर्मचारियों ने घरों के अंदर लगे मीटर को बाहर खंभों पर लगाने का कार्य शुरू किया जो समय ग्रामीणों को बिजली निगम कर्मचारियों द्वारा बिजली मीटर को बाहर करने की कार्यवाही का पता लगा तो ग्रामीण एकत्रित हो गए और पुरजोर विरोध करना शुरू कर दिया वहीं ग्रामीणों का विरोध देखते हुए निगम के कर्मचारी कार्य को अधर में छोड़ कर वापस लौट आए बिजली निगम के उपमंडल अधिकारी बिरेंद्र ने बताया कि निगम ने घरों से मीटर बाहर करने के आदेश दिए हुए हैं उसी को लेकर वह पुलिस बल के साथ गांव शादीपुर में मीटर बदलने और उन्हें बाहर पोल पर लगाने का कार्य कर रहे थे उसी समय ग्रामीणों ने हंगामा खड़ा कर दिया इस कारण कार्य को बीच में रोकना पड़ा है लेकिन निगम ने घरों से बिजली मीटर को हर हालत में बाहर करने का आदेश दिया है जिस पर मीटर को बाहर किया जाएगा || गांव वाले पूरे पूरे गांव में बिजली चोरी जैसी समस्या को देखते हुए निगम ने घरों के अंदर से मीटर हटाकर बाहर खंभों पर लगाने के आदेश दिए हैं जिसको लेकर गांव के लोगों ने विरोध किया लेकिन अब देखने वाली बात होगी कि गांव के लोग घरों से मीटर हटवा कर शांतिपूर्ण बाहर लगाने देते हैं या नहीं जुलाना से विजेंद्र सिंह पंजाब केसरी टीवी || 	HI_X_256_62	HI_X_256_97	
7085431	जहां एक और योगी सरकार अपराधियों पर अंकुश लगाने के लाख दावे करती है वहीं दूसरी और अपराधी योगी सरकार के दावों की धज्जियां उड़ाते हुए नजर आ रहे हैं ताजा मामला कस्बा गोवर्धन में देखने को मिला जहां गोवर्धन थाना क्षेत्र के अंतर्गत एक ही दिन में लगातार दो चोरी की घटनाओं ने थाना प्रशासन की नींद उड़ा दी है जहां एक और रात में ई रिक्शा वाले चोरों ने चोरी की घटना को अंजाम दिया वहीं दूसरी ओर एक पोस्ट कॉलोनी के मकान में दिनदहाड़े चोरी करके पुलिस को खुली चुनौती दे दी चोरों ने दिनदहाड़े एक मकान में घुसकर चोरी की वारदात को अंजाम दे दिया राजेश राणा का कहना है कि उनका सिविल कंस्ट्रक्शन का काम है सुबह जब वह अपने काम के लिए निकले तो ताला बंद करके गए थे और जब शाम को वापस आए तो घर का ताला टूटा हुआ देख उनके होश उड़ गए और उन्होंने भीतर जाकर देखा तो घर का सारा सामान बिखरा हुआ पड़ा था और उनके लॉकर सब टूटे हुए मिले इसकी सूचना उन्होंने पुलिस को दी राजेश ने बताया कि लगभग 55000 के साउंड ₹100000 की ज्वेलरी पर || हाथ साफ कर दिया जब शाम को लौटा तो ताला खोला तो सारा सामान बिखरा पड़ा हुआ मिला मुझे अपना और नौकर वोकर मेरे सारे टूटे हुए मिलेंगे मैंने हाथ गाड़ी वाली उसके बाद मेरे को और क्या कहते हैं कुछ जल्दी अंगूठी थी और एक चैन और कुंडल थोड़ी और चांदी के सिक्के बीके || 	HI_X_256_153	HI_X_256_162	
7086867	बांका जिले के अमरपुर थाना क्षेत्र के कौशलपुर है ग्राम निवासी आनंद मोदी से रविवार की रात्रि बदमाशों ने पिस्तौल सटाकर है ₹70000 लूटकर फरार हो गए घटना को लेकर पीड़ित मोदी ने बताया कि अमरपुर वार्ड नंबर 12 स्टेट बैंक के समीप खाली स्थान वाली गली में दुलारी जनरल स्टोर की दुकान चलाकर अपना और अपने परिवार का भरण-पोषण करते आ रहे हैं रोजाना की भांति रविवार की रात्रि करीब 11:00 बजे अपनी दुकान बंद कर अपने भाई संतोष मोदी और निशु मोदी के साथ है अपने ग्लैमर भाई के बीआर 51 28 22 परिवार होकर अपने घर कौशलपुर गांव जा रहे थे तभी शिवली गांव के समीप स्थित पोखर के पास 2 अपाचे बाइक पर सवार छह लोगों ने रास्ता रोक लिया और पिस्टल सटाकर पास में रखे रुपए से भरा बैग लेकर फरार हो गए उन्होंने कहा कि 6 बदमाशों में एक बदमाश को पहचान लिया है जिसका नाम है और घर फर्नीचर के मौके पर पीड़ित ने घटना की सूचना अमरपुर थाने में दे दी है सूचना मिलते ही थानाध्यक्ष अनिल कुमार साहब ने मामले को गंभीरता से लेते हुए धनी चक गांव निवासी शक्ति यादव चंद्र कुमार और || पुर गांव निवासी दीपक कुमार भगत को गिरफ्तार कर लिया है फोन किया है || 	HI_X_256_53	HI_X_256_113	
7086783	चलो भाई ||  हमारा आपस में जो भी गलतफहमी दूर हो गई है आपस में हम ||  समझौता कर लिया है और मैंने अपनी छोटी बहन को कहा है आपका भाई बैठा है कोई काम काज है महल पर ही बैठे और मेरा कोई और नहीं था गलत मान लिया है || 	HI_X_256_161	HI_X_256_252	
7086871	पीएचसी में एंबुलेंस नहीं मिलने से पीड़ित परिवार ने कोसा देखने को मिल रहा है बताया जाता है कि सिंघेश्वर प्रखंड में बच्चा झूला झूले गया था और झूला झूले के क्रम में ही झूला टूट गया जिससे बच्चा बुरी तरह से घायल हो गया इस पर पहुंचाया गया जहां डॉक्टरों ने बेहतर इलाज के लिए मधेपुरा सदर अस्पताल रेफर कर दिया पीड़ित परिवार ने बच्चे के लिए अस्पताल प्रशासन ने स्वीकार कर दिया वहीं बच्चे के पिता नहीं अपनी बाइक से किसी तरह मधेपुरा सदर अस्पताल पहुंचाया नाराजगी देखी जा रही है जिसके बाद लोगों में आक्रोश देखा जा रहा है || 	HI_X_256_195	HI_X_256_120	
7086865	सारण जिले में प्रचंड गर्मी और झुलसा देने वाली गर्म हवाओं से सोमवार को जिले वासियों को थोड़ी सी राहत मिली है सोमवार की सुबह से ही अचानक मौसम ने करवट बदली और पूरे दिन आसमान में काले बादल छाए रहे साथी हवाओं में भी थोड़ी सी ठंडक रही जिससे लोगों को चैन मिली है धीरे में बीते दिनों से लगातार पारा 43 डिग्री सेल्सियस के पार चल रहा था जिस वजह से जनजीवन बुरी तरह से प्रभावित था लेकिन सोमवार को मौसम ने करवट जैसे ही ली जिले का अधिकतम तापमान 43 डिग्री सेल्सियस से घटकर 34 डिग्री सेल्सियस तक हो गया मौसम के बदलते मिजाज नहीं 1 दिन के लिए ही सही पर है दिल्ली वासियों को झुलसा देने वाली प्रचंड गर्मी से राहत जरूर दिलाई है इसके साथ ही हवाओं में भी थोड़ी सी ठंडक रही जिससे लोगों को चैन मिली है धीरे में बीते दिनों से लगातार पारा 43 डिग्री सेल्सियस के पार चल रहा था जिस वजह से जनजीवन बुरी तरह से प्रभावित था लेकिन सोमवार को मौसम ने करवट जैसे ही ली जिले का अधिकतम तापमान 43 डिग्री सेल्सियस से घटकर 34 डिग्री सेल्सियस तक हो गया मौसम के || बदलते मिजाज नहीं 1 दिन के लिए ही सही पर है दिल्ली वासियों को झुलसा देने वाली प्रचंड गर्मी से राहत || 	HI_X_256_176	HI_X_256_9	
7086853	यह खबर वैशाली के महुआ से हैं जहां वट सावित्री की पूजा को लेकर सुहागिन महिलाओं में काफी उत्साह देखने को मिल रहा है इस मौके पर महिलाएं पारंपरिक परिधान में सज धज कर पूजा अर्चना करते हुए दिखाई दे रही थी इस दौरान सुहागिन महिलाओं ने वटवृक्ष में कच्चे धागे बांधकर अपने पतियों के लंबी उम्र की कामना की वट सावित्री पूजा अर्चना की यह परंपरा देश में सदियों से चली आ रही है इस मौके पर है महिलाएं नए परिधान में नजर आती हैं और अपने-अपने पतियों की लंबी उम्र की कामना करते हुए वटवृक्ष के पास से पूजा-अर्चना करती है यह खबर वैशाली के महुआ से हैं जहां वट सावित्री की पूजा को लेकर सुहागिन महिलाओं में काफी उत्साह देखने को मिल रहा है इस मौके पर महिलाएं पारंपरिक परिधान में सज धज कर पूजा अर्चना करते हुए दिखाई दे रही थी इस दौरान सुहागिन महिलाओं ने वटवृक्ष में कच्चे धागे बांधकर अपने पतियों की लंबी उम्र की कामना की वट सावित्री पूजा अर्चना की यह परंपरा देश में सदियों से चली आ रही है इस मौके पर है महिलाएं नए परिधान में नजर आती हैं और अपने अपने ||  जो की लंबी उम्र की कामना करते हुए वटवृक्ष के पास से पूजा || 	HI_X_256_214	HI_X_256_127	
7086861	अब बात करते हैं चारण की जहां जाम की समस्या से आम लोगों के साथ-साथ हैं वरीय पदाधिकारी भी काफी परेशान है वहीं स्कूल के समय और लोगों को ऑफिस जाने के समय शहर के बीचोंबीच एक ट्रक के आने पर प्रतिबंध लगा हो आपको बता दें कि स्कूल जाने के समय और लोगों को ऑफिस जाने के समय शहर के बीचोबीच एक ट्रक के आने जाने से लोगों को काफी परेशानियों का सामना करना पड़ता है बिना भाई की अपने सामान को उतारा जाता है और बीच रोड पर ट्रक को खड़ा कर दिया जाता है जिससे आवागमन बाधित हो जाती है जबकि शहर में आने के पहले कहीं चौक चौराहे पर प्रशासन ने खड़ी रहती है लेकिन सबसे बड़ा सवाल है या फिर ये और बढ़े बहाने अंदर कैसे चले आते हैं या फिर यूं कहें कि प्रशासन की देखरेख में यह सारी चीजें होती रहती है और बड़े-बड़े ट्रकों का आवागमन जारी रहता है वहीं वाहन के आने से शहर के मोहल्ला चौक गांधी चौक नगरपालिका चौक तक जाम की समस्या बनी रहती है स्कूल जाने के समय लोगों को ऑफिस जाने के समय शहर के बीचों बीच ट्रक के आने जाने से लोगों को काफी || न्यू का सामना करना पड़ता है बिना भाई की अपने सामान को उतारा जाता है और बीच रोड पर ट्रक को खड़ा कर दिया जाता है जिससे आवागमन बाधित हो जाती है जबकि शहर में आने के पहले कई चौक चौराहे पर प्रशासन || 	HI_X_256_17	HI_X_256_255	
7086835	बिहार के जहानाबाद में एक बार फिर लोगों ने कानून को अपने हाथ में लेते हुए एक नाबालिक चोर को पकड़कर है लात घूंसे और बेल्ट एग्जाम का रिप्लाई कर दी मामला पटना गया रेलखंड के कनौदी गांव के समीप की है जहां पटना से गया जा रहे पैसेंजर ट्रेन में मोबाइल सपोर्ट कर भाग रहे चोरों में से एक नाबालिग चोर को स्थानीय लोगों ने पकड़ लिया और उसकी जमकर धुनाई कर दी बाद में जीआरपी पुलिस के हवाले कर दिया गया पकड़े गए चोर ने अपनी संलिप्तता स्वीकार ते हुए कहा है कि वह तीन दोस्तों के साथ मोबाइल चपट ने आया था इस दौरान ने चलती ट्रेन से एक मोबाइल झपट लिया और भागने लगे उसी दौरान स्थानीय लोगों की नजर उन पर पड़ी और जिसके बाद लोगों ने खदेड़ कर एक नाबालिग को पकड़ लिया जबकि बाकी है छोरे चकमा देकर भागने में सफल रहे पकड़े गए नाबालिक चोर को मारपीट कर पुलिस के हवाले कर दिया गया इधर घटना की जानकारी मिलते ही पुलिस मौके पर पहुंच गई और नाबालिक चोर को अपने साथ थाने ले आई है फिलहाल पुलिस मामले की छानबीन कर रही है || घटना भूत वाली साइट || 	HI_X_256_205	HI_X_256_175	
7083364	दिल्ली में अगले साल की शुरुआत में होने जा रहे विधानसभा चुनाव के मद्देनजर आम आदमी पार्टी की सरकार बड़ा ऐलान करने जा रहे हैं दिल्ली सरकार महिलाओं को मेट्रो और डीटीसी बसों में फ्री यात्रा कराने का तोहफा देगी दिल्ली के मुख्यमंत्री अरविंद केजरीवाल जल्द ही इसका ऐलान कर सकते हैं दिल्ली मेट्रो और बसों में महिलाओं को किया जा सके महिलाओं को फ्री यात्रा में देने में डीएमआरसी के होने वाले नुकसान की भरपाई दिल्ली सरकार करेगी || लोकसभा चुनाव खत्म होने के बाद भी पश्चिम बंगाल में बीजेपी और टीएमसी के बीच जारी जंग थमने का नाम नहीं ले रही है यहां जय श्री राम के नारों को लेकर जारी दंगल के बीच अब बीजेपी ||  ममता को गेट वेल सून के कार्ड भेजने की तैयारी में है केंद्रीय मंत्री और आसनसोल से सांसद बाबुल सुप्रियो ने कहा कि मेरे क्षेत्र से हम ममता बनर्जी को गेट वेल सून के कार्ड भेजेंगे बाबुल सुप्रियो बोले कि ममता बनर्जी एक तजुर्बे दार राजनेता है लेकिन उनका बर्ताव लगातार असामान्य और विचित्र होता जा रहा है वह जिस पर जिस पद पर हैं उन्हें उसका याद रखना चाहिए अगर हो सके तो उन्हें कुछ दिन के लिए ब्रेक लेना चाहिए बंगाल में भारतीय जनता पार्टी की मौजूदगी से वह काफी परेशान हो रहे हैं केंद्रीय मंत्री बोले कि सोशल मीडिया पर कई मेम है जो ममता दीदी के ऊपर ही बन रहे हैं यह अच्छी बात नहीं है हमें लगता है कि उनके साथ कुछ ठीक नहीं है उसका जवाब देना ही होगा ||  दिलीप जोशी राम दिल्ली से फेसबुक विष्णु गाड़ी से उतर के आप उनके पीछे हम भी कई चीजों में कोई भी कहीं भी कुछ भी हो सकते हम जानते हमारे प्रधानमंत्री जी कई बार ऐसे हैं कि मंदिर का मंदिर के जो आरती दूर से आ रही है आवाज सुनाई दे रही है स्पीच देते हैं दूसरे दूसरी बात यह है कि आप समझिए मैंने भी मैंने भी बड़े आसनसोल में सारे कार्यकर्ता को कहा कि अब उनके पीछे उसका की क्या कीमत है सऊदी के ₹2 के तमाम खबरों के साथ || 	HI_X_256_188	HI_X_256_97	
7086738	राष्ट्रीय सुरक्षा सलाहकार अजीत डोभाल का कार्यकाल 5 साल के लिए बढ़ा दिया गया है साथ ही उन्हें केंद्र सरकार में कैबिनेट मंत्री का दर्जा दिया गया सोमवार को सरकार ने इस पर मुहर लगाई डोभाल को यह जिम्मेदारी राष्ट्रीय सुरक्षा में उनके योगदान को देखते हुए दी गई है सर्जिकल स्ट्राइक और स्ट्राइक योजना का श्रेय डोभाल को दिया जाता है कार्मिक मंत्रालय के आदेश में डोभाल की नियुक्ति की जानकारी दी गई आदेश में कहा गया है कि कैबिनेट की नियुक्ति समिति ने डोभाल को इस पद पर दोबारा नियुक्त किए जाने के संबंध में अपनी मंजूरी दे दी है और यह व्यवस्था 31 मई 2019 से प्रभावी होगी प्रधानमंत्री के कार्यकाल के साथ-साथ उनकी नियुक्ति भी खोज समाप्त हो जाएगी आदेश में कहा गया है कि इस पद पर नियुक्ति के दौरान उन्हें कैबिनेट मंत्री का रैंक दिया गया है डोभाल को पहली बार मई 2014 में राष्ट्रीय सुरक्षा सलाहकार बनाया गया था और उन्हें राज्यमंत्री का दर्जा दिया गया था सोमवार को नए गृहमंत्री अमित शाह ने एनएसए अजीत || दूध के साथ बैठकर आंतरिक सुरक्षा का जायजा लिया बैठक में आईबी चीफ राजीव जैन गृह सचिव राजीव गाबा भी मौजूद थे 1968 बैच के आईपीएस डोभाल पहले अधिकारी हैं जिन्हें कीर्ति चक्र से सम्मानित किया गया उन्होंने अपना अधिकांश समय आईबी में काम करते हुए बताया कि आईबी के प्रमुख भी रहे उन्होंने 6 साल पाकिस्तान में बिताए हैं डोभाल को पंजाब और श्रीनगर में आतंकियों के खिलाफ मजबूत कार्यवाही के लिए भी जाना जाता है इसके अलावा डोभाल 1999 में कंधार ले जाए गए इंडियन एयरलाइंस के विमान आईसी 814 कि अपहरणकर्ताओं के साथ मुख्य वार्ताकार थे डोभाल का सिर से आने से बनना बताता है कि मोदी के साथ साथ नए गृहमंत्री अमित शाह जी उनके काम से संतुष्ट हैं राष्ट्रीय सुरक्षा सलाहकार राष्ट्रीय सुरक्षा परिषद का मुख्य कार्यकारी होता है और उसका मुख्य काम प्रधानमंत्री को राष्ट्रीय और अंतरराष्ट्रीय सुरक्षा से जुड़े मुद्दों पर सलाह देना होता है वाजपेई सरकार के का || काल में राष्ट्रीय सुरक्षा पर बनी किसी पंच समिति ने प्रधानमंत्री कार्यालय में तीन राष्ट्रीय सुरक्षा सलाहकार नियुक्त करने का सुझाव दिया था इसके तहत आंतरिक सुरक्षा रक्षा और विदेश मामलों पर सलाहकार नियुक्त करने की बात कही गई थी लेकिन इस सुझाव पर ना तो बाजपेई सरकार ने अमल किया और ना ही उसके बाद आने वाली सरकार ने भी रिपोर्ट स्वराज एक्सप्रेस || 	HI_X_256_225	HI_X_256_187	
7083128	नमस्कार मैं हूं सुकृति रॉय और वनइंडिया हिंदी में आप सभी का स्वागत है सोशल मीडिया प्लेटफॉर्म है जहां पर हर रोज चैलेंज करता है चाहे वह की की चैलेंज आइस बकेट चैलेंज सामने आया है और फिर वेक्यूम क्लीनर चला कर उसमें से हवा खींच रहे हैं लोग लगातार अपने वीडियो भी समझा कर रहे हैं हालांकि कुछ वीडियोस नहीं है देखने में काफी खतरनाक लग रहा है ऐसे में आप इसे दोहराने की गलती कतई ना करें || एकदम सही आपको बता दें कि वैक्यूम अच्छा लंच के तहत लोग जैसे ही पॉलिथीन में वैक्यूम क्लीनर डालकर उसे ऑन करते हैं तो सारी हवा से जाती है ऐसे में दम घुटने का खतरा भी ज्यादा हो जाता है इसलिए हम आपको सलाह देते हैं ऐसे स्टंट को अपने घर पर ना दोहराए से पहले सोशल मीडिया पर || की चैलेंज पब्जी चैलेंज और आइस बकेट चैलेंज वायरल हो चुका है ऐसी ही कई अन्य जानकारियों के लिए बने रहे हमारे साथ || 	HI_X_256_161	HI_X_256_174	
7084774	अखिल भारतीय दिगंबर जयसवाल से अनुप्रिया सेवा न्याय द्वारा एक विशाल चिकित्सा शिविर का आयोजन निर्मल सेवा सदन पटोला में किया गया इस मौके पर आए आगरा के महापौर का स्वागत किया इसी दौरान आगरा के महापौर ने बताया कि जैन समाज ने आज मेडिकल कैंप लगाया है मेडिकल कैंप के अंदर निशुल्क मरीजों को बाहर से आए डॉक्टरों द्वारा देखा जा रहा है साथ ही निकल के दवाई दी जा रही है इस मौके पर जैन समाज के तमाम गणमान्य लोग मौजूद रहे || मैं प्रदीप कुमार जैन मैं राष्ट्रीय अध्यक्ष हूं इस संस्था का जिसकी तरफ से ये हेल्थ चेकअप शिविर लगाया जा रहा है मेदांता हॉस्पिटल गुड़गांव के सहयोग से यह शिविर आज यहां पर छीपीटोला में लगाया जा रहा है वह बड़े विशाल पैमाने पर लगाया गया 3 दिन से चल रही है लगातार साइंटिफिक पैथोलॉजी चल रही है और मेदांता की सुविधाओं से लैस की टीम डॉक्टरों की आई हुई है बहुत बड़े पैमाने पर काम हो रहा है || डॉक्टर से दवाई से होना चाहिए मुझे लगता है क्या जैन समाज की ओर से किया गया है इन तीनों भूरी भूरी प्रशंसा करता हूं आज रूपांजलि || राखी पसंद साइंटिफिक पैथोलॉजी के माध्यम से सभी की टेस्टिंग कराई थी कि ₹26 की जानकारियों को देख रहे हैं और समाज के प्रति वर्ष 3 वर्ष || 	HI_X_256_242	HI_X_256_19	
7084157	खबर पश्चिम बंगाल से पश्चिम बंगाल में टीएमसी और बीजेपी के बीच विवाद थमने का नाम नहीं ले रहा दफ्तर पर कब्जा करने को लेकर हो गया उत्तर 24 परगना के 30 मई का एक वीडियो सामने आया जिसमें ममता बनर्जी बीजेपी के दफ्तर पर कमल निशान को मिटाकर अपने तृणमूल पार्टी का चिन्ह बना रही हैं वहीं एमपी का आरोप है कि दफ्तर पहले टीएमसी का था जिस पर बीजेपी के लोगों की तरफ से कब्जा कर लिया गया था यही वजह है कि ममता ने इस पर कमल का निशान हटाया और तृणमूल कांग्रेस का निशान किस पर बना दिया गल्ला का मामला है और 30 मई की तस्वीर बताएं जारी है यह तस्वीरें काफी वायरल हो रही है और खुद ममता बनर्जी किस तरह से पार्टी का नाम लिख रही है पार्टी का चिन्ह भी बनाया गया है जो कमल का निशान था उसको मिटाया गया || पार्टी के तमाम आला नेताओं के साथ मौजूद थी और ममता बनर्जी ने खुद ये कदम उठाया यह देखें ||  कोलकाता सेठी ने भारतवर्ष संवादाता रविशंकर दत्ता मार से जुड़े हुए हैं रविशंकर 30 मई का यह वीडियो है क्यों यह सब कुछ किया क्या है क्या वजह सामने आ रही है जब ममता बनर्जी का सपेरा गए थे जहां पर उनको श्री राम जय श्री राम का नारा लगाया जाता है बीजेपी की तरफ से उसी दिन जब वह वापस आ रही थी तब मंत्रियों ने उनके पार्टी का सदस्य ने उनको गाना चाहिए वाला जो पार्टी ऑफिस है नहीं हटे वाला यह पार्टी ऑफिस चुनाव कांग्रेस का था लेकिन उनको जबरदस्ती बीजेपी ने उनको अपना बना लिया था शादी का जोड़ा जाता है वहां पर करने लगी वहां पर जो पार्टी ऑफिस कलर सामने क्या हुआ था हालाकि पीछे वाला ||  बनाने लगे तो पागल है टीएमसी समर्थक खबर से जुड़े हुए फुल लाइन के जरिए मनोज मंडल जी स्वागत है आपका टीजेपी का चीनी मिटा दिया जाता है ममता नगर से वहां पर आपकी है या किसी पार्टी का निशान बना रही है सब कुछ क्यों किया जा रही है बताइए जरा बीजेपी उन लोगों को जबरदस्ती इस ऑफिस को नकल कर लिया था आप देख सकते हो ना और की फोटोकॉपी से मिट ||  पहले क्या था आप देखिए डायरेक्ट ट्रेन से कॉपी स्टोर सिंबल को आप दिख नहीं रहा तो देख रहा है और बीजेपी ने इसको कैप्चर कर लिया था देखो आप देखो अभी देखो उसको फिर से टीएमसी का सिंबल लगा दे तो प्रॉब्लम क्या है हिंदी में बीजेपी || 	HI_X_256_161	HI_X_256_251	
7086339	ताजा मामला प्रतापगढ़ के पट्टी सामुदायिक स्वास्थ्य केंद्र का है जहां तैनात डाक्टर राकेश कुमार के खिलाफ कई बार कमीशन खोरी के चलते कार्रवाई की जा चुकी है किंतु आप कमिशन की मोटी कमाई से मैं अपना ऐसा रसूख बना चुके हैं कि खुलेआम ओपीडी में एजेंट बैठाकर सरकारी परिचय पर प्राइवेट दवाई लिख पाते हैं आपको बता दें कि परिचय पर सरकारी दवाएं तो आगे लिखी जाती है जबकि पीछे वादी कमिशन की दवाई लिखते हैं जिसके चलते प्रतिदिन कमिशन की दवाएं और कमीशन की ₹400000 की कमाई कर रहे हैं जिसे जानकर ही उनके रसूख के चलते अधिकारी अब तक उन पर कोई कार्यवाही नहीं कर पा रहे हैं अब देखने वाली बात तो यह है कि आखिर कब तक गरीब जनता कीजिए वैसे ही कटवाते रहेंगे इस तरह के सरकारी बस डॉक्टर पर भी एक बड़ा सवाल है कि आखिर कब प्रदेश सरकार जारी की जिससे गरीब जनता को इन हेल्थ डॉक्टरों से निजात मिल पाए || पट्टी सामुदायिक स्वास्थ्य केंद्र पर आपके हैं डॉक्टर साहब द्वारा लगातार बाहर की दवाएं लिखकर उसका वीडियो भी मैंने आपको दिखाया और आपने तो क्या-क्या किस तरह तमाम मामले रहे हैं और कई बार की छुट्टी है क्या फिर कभी इस तरह के मामले को संज्ञान में नहीं आया कोई || मिका सिंह के करना पड़ा || 	HI_X_256_239	HI_X_256_204	
7085567	ज्योतिष पीठाधीश्वर एवं द्वारका शारदा पीठाधीश्वर जगतगुरु शंकराचार्य स्वामी स्वरूपानंद सरस्वती महाराज रविवार को मथुरा के दावानल कुंड स्थित अपने उड़िया बाबा आश्रम पहुंचे महाराज ने पत्रकारों से रूबरू होते हुए कहा कि जनता ने मोदी सरकार को जिन जिन बातों के लिए जनादेश दिया है उन्हें सरकार को निश्चित समय-सीमा में पूरा करना चाहिए यदि सरकार ने जनता से किए गए वादों को पूरा नहीं किया तो जनता उन्हें सत्ता से उतार देगी उन्होंने कहा कि राम मंदिर मुद्दा किसी एक व्यक्ति का नहीं बल्कि पूरे हिंदू समाज का है इसे न्यायालय के आदेश एवं आपसी सहमति के जरिए ही निपटाया जा सकता है हम चाहते हैं कि राम मंदिर का मुद्दा जल्दी हल होना चाहिए राम मंदिर में पूजा तो हो ही रही है लेकिन बस इसे भव्य बनाना है || सुप्रीम कोर्ट ने एक पहल की थी ||  लोगों का एक ||  अयोग्यता ||  वो अयोध्या में जाकर ||  वहां की ||  पृथ्वी का अवलोकन करके ||  क्या समझौता का रास्ता निकल सकता है ||  किसके लिए भेजा था ||  तो उसको होना है ||  स्वीकार किया और हमारी ओर से ||  हम लोगों ने अपनी पत्नी का फोटो खींचकर यह बात स्पष्ट की है कि वहां पर कभी भी मस्जिद में ||  मैं तो कभी मामा आया उसका कोई कर्मचारी निवासी आया तभी वहां पर मस्जिद का स्थित हुआ || 	HI_X_256_240	HI_X_256_162	
7085714	जोधपुर में लोग न सिर्फ गर्मी से जूझ रहे हैं बल्कि पानी के तिलक से भी परेशान हैं जिसके चलते मंगलवार को आक्रोशित लोगों ने पानी की टंकी पर चढ़कर अपना विरोध जताया मामला ग्राम पंचायत जालंधर नगर के गांव अमृत नगर का है जहां के ग्रामीणों का आरोप है कि ग्राम पंचायत में जला से बने होने के बावजूद पिछले 2 महीने से पेयजल की आपूर्ति नहीं है जिसके चलते ग्रामीणों को मुंह मांगी दामों पर पानी के टैंकर मंगाने पढ़ते हैं सबसे ज्यादा परेशान है || 	HI_X_256_222	HI_X_256_113	
7086144	अल्मोड़ा गत दिनों यहां एक होटल में विवाह समारोह के दौरान फायर झोंकने वाले आरोपी को पुलिस ने आज गिरफ्तार कर लिया है एसएसपी मीणा ने बकायदा प्रेसवार्ता करके मीडिया को इस मामले की जानकारी दी भुवन चंद्र उपाध्याय पुत्र की शपथ फोटो के मैनेजर ने कोतवाली अल्मोड़ा में लिखित सूचना दी कि गत 30 मई को होटल में शादी समारोह में अज्ञात व्यक्ति द्वारा फायर किया गया जिस पर कोतवाली अल्मोड़ा में धारा 336 भादवि का अभियोग पंजीकृत किया गया था मामले में वरिष्ठ पुलिस अधीक्षक अल्मोड़ा द्वारा तत्काल प्रभावी कार्यवाही करने के निर्देश दिए गए हैं जिस पर कोतवाली पुलिस अल्मोड़ा द्वारा कार्यवाही की गई शादी समारोह में तमंचे से फायर करने वाले व्यक्ति गौरव जोशी पुत्र कमलेश जोशी निवासी पांडे खोला अल्मोड़ा को गिरफ्तार कर लिया गया है मरने के बाद में जो अयोध्या किस आधार पर किया गया था उसको पुलिस ने गिरफ्तार भी कर लिया पुलिस कस्टडी में || साथ में जो फोटो वाले लोग हैं बाकी लोग को भी सुंदर में नोटिस भेजे गए हैं और आगे से पुलिस इस चीज के लिए सख्त निर्देश देरी बाद संभोग कभी किसी फंक्शन में इस तरीके से आने का उसने जो प्रारंभ पूछा तो उसने बताया कि इस ने हथियार किसी आदमी से जो है ऐसा कोई मिलने वाला उसने उसको दिल आया उसमें भी प्ले सकरी में जांच कर रही है कि शिवा सत्या कहां से पूछा किसका है जो भी इसमें || 	HI_X_256_253	HI_X_256_135	
7085932	इस माहे रमजान में सदी गद्दी में नौजवान रोजेदारों के हौसले पस्त होते दिखाई दे रहे हैं तो वहीं दो मासूम रोजेदार बच्चों ने अब तक माहे रमजान के मुकद्दस महीने में पूरे रोजे रखकर पांचों वक्त की नमाज कुरान की तिलावत अल्लाह की इबादत का हौसला इनके अंदर है यह बच्चे उत्तराखंड के काशीपुर में एक चर्चा का विषय बन चुके हैं यह दोनों मासूम बच्चे रोजदार बच्चे आपस में भाई बहन और यह दोनों जुड़वा है इन बच्चों के रोजे रखने की जिद के आगे मां बाप भी हार गए यह दोनों मासूमों सितारे बच्चे सेरी में उठकर तेरी खाते हैं और शाम को रोजा इफ्तार के वक्त अपने परिवार के साथ रोजा इफ्तार करते हैं इनका अभी तक कोई भी रोजा नहीं छूटा है माहे रमजान के इस मुकद्दस महीने के अब तक पूरे रोते इन बच्चों के चल रहे हैं माहे रमजान के मुबारक महीने का चांद देखते ही इन बच्चों ने रोजा रखना शुरू कर दिया था और उन्होंने उसी वक्त नियत कर दी थी किस माहे रमजान के पूरे रोजे रखेंगे चाहे कितनी भी गर्मी हो और धूप क्यों ना हो कई बार मां बाप ने समझाया कि बेटा ब्रोशर मत रखो लेकिन बच्चों की रोजा रखने || किस के आगे मां बाप भी हार गए आखिरकार अब माहे रमजान अपने आखिरी अत्रे में चल रहा है और इन बच्चों के रोजा रखने का सिलसिला अभी भी जारी है ऐसे मासूम रोजेदार बच्चों के हौसले और जज्बे को सलाम है आज के नौजवानों को सीख लेनी चाहिए जो गर्मी को देख कर रोता छोड़ देते हैं जैसे जैसे शहर के उन माओ और खासकर बुजुर्गों को इन बच्चों के बारे में पता लग रहा है वैसे वैसे ही लोग इनको मुबारकबाद देने घर पहुंच रहे हैं इन मासूम बच्चों की दुनियावी तालीम के साथ दीनी तालीम भी जारी है इनके अंदर अल्लाह की इबादत कर जज्बात देखकर लोग हैरत में पड़ जाते हैं || नीमच || जवाब मिलता है और और रोजा रखने से हमारी तबीयत होती है वह सारे महीने के पूरे महीने की तरह || 	HI_X_256_95	HI_X_256_19	
7085377	आज आपका पारिवारिक जीवन सुख शांति से भरा रहेगा तथा आप इसका पूरा मजा उठा सकेंगे अपने परिजनों का साथ दें क्योंकि जब आप को उनकी जरूरत पड़ेगी वह हमेशा आपकी मदद को तैयार रहेंगे राशि में रोमांस अगर आप किसी शादी को लेकर बातचीत कर रही हैं तो आज का दिन आपके लिए बहुत अच्छा है कोशिश कीजिए सारी बाधाएं दूर हो जाएंगे आज डेट भी फाइनल हो सकती है राशि में करियर आज आप अपनी नौकरी या कार्यक्षेत्र बदलना चाहेंगे और इसकी तीव्रता को महसूस करेंगे यह भले ही नया क्षेत्र है लेकिन आगे चलकर यही निर्णय आपको सुखद भविष्य दे सकता है इसके विषय में सोचना सही होगा राशि में फाइनेंस आप के आर्थिक हालात स्थिर है आपने अपनी राह में आने वाली मुश्किलों का बड़ी हिम्मत से सामना किया है अब सब कुछ आपके पक्ष में है इसलिए किसी भी चुनौती || जमकर सामना करें आर्थिक हालात ठीक हूं तो बड़ी मुश्किल से निपटना आसान हो जाता है रांची में आजाद सेहत को लेकर थोड़ा परेशान हो सकते हैं मगर चिंता ना करें यह थोड़े समय की बात है आपके लिए बेहतर होगा कि आप आलस पन से बचें ध्यान रखें कि आज आप टहलने जरूर जाएं इससे आपकी सेहत में सुधार आएगा अगर आप इसे अपनी रोजमर्रा के जीवन में शामिल कर लें तो आपके लिए बहुत अच्छा होगा कोशिश करें कि आप जिम जाएं क्योंकि व्यायाम आपके लिए बहुत || 	HI_X_256_90	HI_X_256_77	
7086340	जहां एक तरफ पूरे देश में पौधे लगाने की मुहिम चल रही है वही रेगिस्तान के सीमावर्ती जिले जैसलमेर में ऐतिहासिक गड़ीसर सरोवर पर 2 वर्ष पूर्व आई लव जैसलमेर संस्था पुलिस प्रशासन बीएसएफ स्कूली बच्चों और शहर के नागरिकों द्वारा वन महोत्सव मना कर करीब 1050 पौधे लगाए गए थे जिसे नगर परिषद आयुक्त सुखराम खोखर ने अपनी मनमर्जी से बिना कोई प्रशासनिक एवं नगर परिषद बोर्ड की सहमति से सभी पौधों पर जेसीबी चलवा कर नष्ट कर दिया वहीं जब यह बात बने प्रेमियों एवं शहर के नागरिकों को पता चली तू ही आक्रोश फैल गया जिसकी बात शेयर की प्रतिनिधिमंडल ने जिला कलेक्टर से मुलाकात की और मामले को अवगत कराया साथ ही जैसलमेर कोतवाली में आयुक्त के खिलाफ प्राथमिकी भी दर्ज कराई गई इसी के साथ राजस्थान सरकार की कैबिनेट मंत्री सुखराम बिश्नोई एवं साली मोहम्मद को इसकी जानकारी देकर मामले से अवगत करवाया दोनों मंत्रियों ने घटना की निंदा की एवं || उचित कार्यवाही करने का भरोसा दिया 1000 जैसलमेर के सभी वरिष्ठ जनों ने जिसमें स्कूली छात्राएं जैसलमेर की पुलिस जैसलमेर का बीएसएफ जैसलमेर के जिला कलेक्टर जैसलमेर के एसपी महोदय और मंत्री महोदय अमराराम जी सब ने मिलकर प्रोजेक्ट डीएफओ के माध्यम से एक मीटिंग को ज्यादा कलेक्टर सभागार में ज्ञापन जैसलमेर में वृक्षारोपण करें उसमें संस्था ने यह कमिटमेंट किया एक बार इस पौधारोपण कार्यक्रम को 1111 और उसमें जो है || 	HI_X_256_7	HI_X_256_113	
7086351	नगर निगम द्वारा पार्षद विपिन सैनी के खिलाफ पोर्टेबल दुकान में घोटाले को लेकर रिपोर्ट दर्ज होने पर आज समाजवादी पार्टी सभासद दल के नेताओं ने कमिश्नर से मुलाकात की तथा उन्होंने बताया कि जिस पर रिपोर्ट दर्ज होना चाहिए उसे बताया जा रहा है कि कि दुकान को सभासद ने अलॉट नहीं किया ना ही उसका इन दुकानों से कोई लेना-देना है अगर किसी भी सभासद के खिलाफ झूठा मुकदमा दर्ज होता है तो समाजवादी पार्टी उसके समर्थन में रहेगी चाहे वह किसी भी दल का नेता हूं जिसको लेकर एक ज्ञापन कमिश्नर रणवीर प्रसाद को दिया गया तथा उनसे मांग की गई कि सभासद के ऊपर लिखा मुकदमा वापस वह प्रणब हेलो आंदोलन करने के लिए बाध्य होंगे कि हमारे यहां नगर निगम में इंदिरा मार्केट में जो टीम के फोटो रखे गए थे उस में माननीय सिटी मजिस्ट्रेट की जांच उपरांत एक पार्षद भारतीय जनता पार्टी के नहीं हैं उनका नाम जी का नाम रिपोर्ट लिखवाई गई है जिसका हम सभी पार्षद का विरोध करते हैं कारण यह है कि वो के विनोद सैनी जी ने || विनोद सैनी सैनी जिला पंचायत रोड से भूमि विनोद सैनी ने नहीं हटवाए तो कहने का मतलब यह है जो मुख्य दोषी है उनको बचाने की जगह सैनी साहब को उनको बचाया गया और सैनी साहब का नाम करते हैं आए हैं माननीय कमिश्नर की अनुपस्थिति में अपर आयुक्त को तत्काल प्रभाव से जांच कराकर शुल्क मुक्त करवाया जाए और जो सत्य दोषी हैं जिसका नाम आना चाहिए हमको दीवाना लाखों करोड़ों रुपए हैं उनको उस में करना चाहिए संगीत || 	HI_X_256_37	HI_X_256_209	
7086347	शराब के बेरिया थाने के अंतर्गत करना है पुर गांव में कन्हैया लाल बिंद पुत्र स्वर्गीय बद्री प्रसाद बैंक अपने चार भाइयों में दूसरे नंबर का भाई था और अविवाहित था जिसकी एक पत्थर से कुचलकर हत्या कर दी गई और लाश को पास के प्राथमिक विद्यालय की खिड़की से लटका दिया आपको बता दें कि शाम से ही कन्हैया लापता था अचानक रविवार सुबह गांव के प्राथमिक विद्यालय में उसकी लाश खिड़की से लटकी मिली हत्या की सूचना पर जब घरवालों को लगी तो घर में कोहराम मच गया आपको बता दें कि गांव की प्रधान ने तुरंत बाहर या पुलिस को सूचना दी सूचना मिलते ही धैर्य स्पेक्टर संजय सिंह अपने पुलिसकर्मियों व फूलपुर की औरते सिंह के साथ घटनास्थल पर पहुंचे व ग्राम प्रधान व गांव के लोगों ने डॉग स्क्वाड टीम द्वारा घटना के बारे में जांच करने की मांग की लोगों की मांग पर डॉग स्क्वायड की टीम मौके पर पहुंचकर जांच पड़ताल की साथ ही बता दे कि परिजनों के शक के आधार पर पुलिस ने 3 लोगों को पूछताछ के लिए गिरफ्तार कर लिया है थानाध्यक्ष संजय सिंह ने कहा है कि कातिल चाहे जो वह पुलिस से बचेगा नहीं और || इसमें को हरसंभव पुलिस के द्वारा मदद की जाएगी साथ ही वरिष्ठ पुलिस अधीक्षक ने बताया कि मौके पर हमारी पुलिस चीन व डॉग स्क्वायड की टीम ने घटनास्थल पर जाकर जांच की तो कुछ सुराग हाथ लगे हैं जिस पर आगे की जांच की जा रही है और जल्द ही हत्या का सफल अनावरण कर दिया जाएगा || 	HI_X_256_44	HI_X_256_97	
7086362	सीकर के दांता रामगढ़ में लगातार हो रही बिजली कटौती से आमजन बेहाल है एक तो इस भीषण गर्मी में पारा 45 के पार हो रखा है वहीं दोपहर के समय बार-बार बिजली कटौती के कारण लोग गर्मी में बेहाल हो रहे हैं वह इस बिजली कटौती के कारण लोगों में विद्युत विभाग के प्रति गहरा आक्रोश व्याप्त है दांतारामगढ़ इलाके में विगत कई दिनों से बिजली की अघोषित कटौती हो रही है बिजली कटौती के कारण जहां लोग अंदर नहीं बैठ पा रहे हैं वही बाहर तेज धूप एवं पारा 45 के पार होने के कारण बड़ी परेशानी हो रही है लोग यूएसबी फैन हाथ के पंखे आदि काम में लेकर भी अपना काम चला रहे हैं सबसे ज्यादा मुश्किल छोटे बच्चों को हो रही है वह गर्मी में बेहद बेहाल नजर आ रहे हैं इतना ही नहीं बिजली की अघोषित कटौती को लेकर विद्युत निगम के अधिकारी भी संतोषप्रद जवाब नहीं दे पा रहे हैं || नालंदा ओपन यूनिवर्सिटी गर्मी पड़ रही है बहुत ज्यादा बहुत बढ़िया लगे तो कब से नहीं आ रही है बिजली || 	HI_X_256_62	HI_X_256_19	
7086127	श्रीगंगानगर में 1 साल पहले हुए जॉर्डन हत्याकांड मामले में पंजाब की जेल में बंद आरोपी गैंगस्टर संपत नेहरा व आकाश चौहान को सोमवार को पंजाब पुलिस कड़ी सुरक्षा के बीच श्रीगंगानगर लेकर आई पुलिस ने दोनों आरोपियों को भारी सुरक्षा व्यवस्था के बीच अपर सेशन न्यायाधीश संख्या दो के सामने पेश किया पेशी के दौरान स्थानीय पुलिस की ओर से क्यों आती के हथियारबंद कमांडो को तैनात किया गया था वहीं के बाद आरोपी को वापस स्पेशल में बैठाकर पंजाब पुलिस रवाना हो गई उनके साथ ही क्यों आती कमांडो की गाड़ियां व पुलिस जाब्ता भी था बता दें कि श्री गंगानगर के जवाहर नगर थाना क्षेत्र में 1 साल पहले में तालिका जिम में हुई जॉर्डन की हत्या के मामले में पंजाब के गैंगस्टर संपत नेहरा आकाश चौहान को पंजाब पुलिस ने कुछ समय पहले गिरफ्तार किया था दोनों आरोपी तब से पंजाब की जेल में बंद चल रहे हैं || 	HI_X_256_81	HI_X_256_178	
7085762	मुख्यमंत्री निवास पहुंचे छात्र कॉलेजों की मान्यता रद्द होने का विरोध कर रहे हैं इन छात्रों का कहना है कि वित्त सत्र में मान्यता रद्द करना कहां का न्याय है और पिछले 9 महीने से तकलीफ में जलते हुए परेशानी खेलते हुए आज माननीय सीएम साहब को ज्ञापन देने आए बड़ा दुख की बात है कि पहले छात्रों को समय नहीं दिया गया मिलने के लिए बच्चों को बस में पुलिस प्रशासन रजा के थाने पर खड़ा करवाती है हमारे प्रदेश के मुखिया से पांच तक के माध्यम से निवेदन है कि छात्रों को शिक्षा के मध्यांतर में उनकी मान्यताओं को रोककर के जिस प्रकार से प्रमुख सचिव चिकित्सा शिक्षा विभाग ने लगभग 9 महीने के पढ़ाई करने के बाद छात्रों के 10,000 से ज्यादा छात्रों के भविष्य के साथ खिलवाड़ किया है उसकी मांग को लेकर आज हजारों की संख्या में छात्र ग्वालियर से प्रदेश के अन्य जिलों से एकत्रित हुए हैं आप और अपनी मांगों को लेकर लगातार यहां डटे हुए हैं संघर्ष करेंगे सीएम साहब से मुलाकात में सीएम साहब ने || सिर्फ आश्वासन दिया लगा ले आश्वासन की प्रक्रिया लगभग 6 बार हो चुकी है फरवरी से लेकर लगातार आश्वासन दिया लेकिन अभी तक कोई कार्यवाही नहीं हुई है करीब 14000 छात्रों का भविष्य खत || 	HI_X_256_68	HI_X_256_126	
7085834	पिछले 6 माह से वेतन नहीं मिलने से नाराज झारखंड राज्य एकीकृत पारा शिक्षक संघर्ष मोर्चा के जिला सचिव शेख मोहम्मद एसिडिटी ने सोमवार को जिला प्रशासन मुख्यालय के बाहर से अपने आप को केरोसिन तेल छिड़क कर आत्मदाह करने का प्रयास किया लेकिन धनबाद थाना की पुलिस ने उन्हें सही समय पर आत्मदाह करने से रोक लिया और गिरफ्तार कर धनबाद सदर थाना ले गई गिरफ्तार पारा शिक्षक के समर्थन देता है करो पारा शिक्षक सड़क पर उतर गया प्रदर्शन करते हुए सरकार के खिलाफ नारेबाजी की गिरफ्तार पारा शिक्षक ने बताया कि बिना आंदोलन ए कोई बात नहीं सुनी जाती रमजान का समय है घर में खाने को दाना तक नहीं है ऐसे भी त्यौहार है कैसे बनाएंगे बीवी बच्चों को क्या जवाब देंगे || 	HI_X_256_224	HI_X_256_19	
7085829	अपने परिजनों का साथ दें क्योंकि जब आप को उनकी जरूरत पड़ेगी वह हमेशा आपकी मदद को तैयार रहेंगे राशि में रोमांस अगर आप किसी शादी को लेकर बातचीत कर रही है तू आज का दिन आपके लिए बहुत अच्छा है कोशिश कीजिए सारी बाधाएं दूर हो जाएंगे आज डेट भी फाइनल हो सकती है राशि में घर या आज आप अपनी नौकरी या कार्यक्षेत्र बदलना चाहेंगे और इसकी तीव्रता को महसूस करेंगे यह भले ही नया क्षेत्र है लेकिन आगे चलकर यही निर्णय आपको सुखद भविष्य दे सकता है इसके विषय में सोचना सही होगा राशि में फाइनेंस आप के आर्थिक हालात स्थिर है आपने अपनी राह में आने वाली मुश्किलों का बड़ी हिम्मत से सामना किया है अब सब कुछ आपके पक्ष में है इसलिए किसी भी चुनौती का जमकर सामना करें आर्थिक हालात ठीक हो तो बड़ी मुश्किल से निपटना आसान हो जाता है || ई-मेल आजाद सेहत को लेकर थोड़ा परेशान हो सकते हैं मगर चिंता ना करें यह थोड़े समय की बात है आपके लिए बेहतर होगा कि आप आलस पन से बचें ध्यान रखें कि आज आप टहलने जरूर जाएं इससे आपकी सेहत में सुधार आएगा अगर आप इसे अपने रोजमर्रा के जीवन में शामिल कर लें तो आपके लिए बहुत अच्छा होगा कोशिश करें कि आप जिम जाएं क्योंकि व्यायाम आपके लिए बहुत जरूरी बन गया है रोशी ब्रह्म आज वह दिन है जब आपको सात समुंदर पार से कोई खुशखबरी मिल सकती है यह खुशखबरी विदेश में रह रहे आपके मित्र या परिजन आपको देंगे आप उनके फोन या ईमेल का इंतजार करें क्योंकि यह खुशखबरी आपके लिए बहुत मायने रखती है इस अवसर का प्रयोग अपनों के नजदीक आने में करें और अगर वह आपको विदेश आने का न्योता दे तो जरूर जाएं राशि ब्रोमांस आज का दिन आपके और आपके साथ ही के || यह विशेष हो सकता है जिसके फलस्वरूप आप बाहर जाकर भरपूर मनोरंजन कर सकें घर से बाहर निकले और जिंदगी को खुशियों से गुलजार कर ले आज का दिन खुशियों से भरपूर है अतः भरपूर आनंद लें जिसके फलस्वरूप आप से रिश्ते और अधिक मजबूत हो सके राशि पर यदि आप अपने आप को कार्य के सही प्रवाह में डालना चाहते हैं तब सहकर्मियों से हाथ मिलाकर चलना जरूरी है अपने जैसे विचार रखने वाले लोगों के साथ मिलकर आप अपनी प्रतिभा का पूरा प्रदर्शन कर पाएंगे इससे आपको नहीं विचार और नई तकनीक अपनाने में आसानी होगी राशि वृष आज नया घर खरीदने का इरादा बन सकता है पुराने घर को भी सजा है तुम्हारे ताकि कुछ बदलाव का अहसास हो सके तो देर क्या काम शुरू करें घर अच्छा दिखेगा घर में सकारात्मक ऊर्जा और खुशी के लिए वास्तु के नियमों || अपनाएं रांची ब्रिज आजाद तनाव को कम रखने की कोशिश करें क्योंकि आपको किसी वजह से तनाव हो सकता है आप गहरी और लंबी सांस लें और योग करें ताकि तनाव कम हो जाए और आपके घर में अच्छा वातावरण बना रहे आप तनाव के कारण ज्यादा ना सोचा करें क्योंकि || 	HI_X_256_90	HI_X_256_77	
7086358	मेरठ में गर्मियों की छुट्टी में नन्हे-मुन्ने बच्चों को विभिन्न प्रकार की एक्टिविटी करा रही गुरुद्वारा गुरु सिंह सभा नहीं आ चित्रकला प्रतियोगिता का आयोजन किया प्रतियोगिता में नन्हे-मुन्ने बच्चों ने कैनवास पर पर्यावरण सुरक्षा से संबंधित चित्र बनाएं बच्चों ने विभिन्न प्रकार के स्लोगन और चित्रों के माध्यम से लोगों को पर्यावरण संरक्षण का संदेश दिया इसी के साथ पर्यावरण सुरक्षा के उपायों के बारे में भी चित्रों के माध्यम से जानकारी दी कार्यक्रम के आयोजक सरदार जगजीत सिंह जस्सल ने बताया कि सिख समाज में गुरु साहिब के समय से ही पर्यावरण सुरक्षा पर विशेष बल दिया जाता रहा है जिसके चलते अमृतसर स्वर्ण मंदिर में आज तक 500 वर्ष पुराने ब्रश आज भी हरे भरे हैं || गर्मियों की छुट्टियों में पंजाबी गुरुद्वारा सिंह सभा का आयोजन किया गया है क्या करना चाहिए || 	HI_X_256_206	HI_X_256_162	
7086349	आंख भर में महिलाओं ने उपवास रखकर बरगद की पूजा आराधना थी आपको बता दें कि ऐसा माना जाता है कि देवी सावित्री ने बरगद के पेड़ के नीचे ही अपने पति को तपस्या कर जीवित किया था तब से महिलाएं अपने पति की लंबी उम्र के लिए इस दिन उपवास रखती हैं और बरगद की पूजा करती हैं इसको वट सावित्री के अलावा बरगद पूजा के नाम से भी जाना जाता है सभी मिलकर करती है और यह जो है वारदात से पकवान बनाकर खरबूजा ला के 12 बार परिक्रमा करी जाती है और पूजा करी जाती बरगद की पूजा करते हो किस तरीके से सभी महिलाएं मिलकर करती हैं सभी महिला अपने अपने पति की लंबी उम्र के लिए यह पूजा करती है || हाय बारे पूजा थी जो पूरे दिन व्रत रहती है निर्जला घर से आकर पकवान लेकर बरगद पूजा करती हैं आंखें उनको चलाती हैं पांच सात फेरे धागे के साथ उनको पूजा करती ताकि पति की लंबी उम्र में मांगी थी कि पति की लंबी उम्र बरगद के समान बनी रहे जिससे बरकत हमेशा कहता है से पति की उम्र की हमारी लंबी बनी || 	HI_X_256_95	HI_X_256_19	
7085286	मोदी सरकार के गठन के बाद शहीद जवान के परिजनों की उम्मीदें बढ़ गई है परिजनों को विश्वास होने लगा है कि सरकार शहीदों के परिजनों को खुश रखेगी पढ़ाई-लिखाई की उचित व्यवस्था करेगी साथ ही जरूरत के हिसाब से और सिर्फ था कि शपथ ग्रहण में नहीं बुलाए जाने का उन्हें मलाल भी है और परिजनों का कहना है कि उन लोगों को कोई जानकारी नहीं थी कि शहीद जवान हवलदार ए संजय कुमार सिन्हा के परिजनों की जो कि पुलवामा हमले में शहीद हो गए थे सहित संजय कुमार सिन्हा अपने पीछे माता-पिता पत्नी और एक बेटी को शादी साथ है दो लड़कियों को छोड़ गए हैं इनके परिजनों को भी सरकार से काफी उम्मीदें हैं और बात करें शहीद संजय कुमार सिन्हा की पत्नी की तो इससे उन्हें इस बात का मलाल है कि मोदी जी ने शपथ ग्रहण समारोह में उन्हें नहीं बुलाया या फिर उनके परिजनों को न्योता नहीं दिया हम लोग पहले जानकारी नहीं थी || नरेंद्र मोदी बढ़ाया तो खुशी की बात है हम लोग को तो अभी तक कुछ फायदा नहीं हुआ है जिससे हम लोग जैसे हम लोग को जॉब जॉब चाहिए था भाई को एडमिशन चाहिए दोपहर ना ||  दोनों बहन को जॉब चाहिए भाई का एडमिशन मेडिकल मेडिकल कॉलेज में करवाना है तो वही एडमिशन करवा दो यही उम्मीद रखते हैं || 	HI_X_256_209	HI_X_256_42	
7086030	बूंदी जिले के हिंडोली थाना क्षेत्र के गांव चारभुजा के मंदिर से शनिवार रात अज्ञात चोर बेशकीमती मूर्ति चौराहा मूर्ति चोरी की इस घटना से ग्रामीणों में मंदिर के पुजारी मुझे मंदिर के दरवाजे का जोड़ी मौके पर पहुंची पुलिस ने ग्रामीणों की सहायता से क्षेत्र में एक मोटरसाइकिल || मूर्ति की बेशकीमती होने की आशंका में अंजाम दिया जिसमें व्यक्ति का सहयोग दुर्गा पूजा के बाद में गांव वालों को पुलिस को कैसे पता चला पुलिस || 	HI_X_256_240	HI_X_256_234	
